sep=;
ACCELEROMETER X (m/s²);ACCELEROMETER Y (m/s²);ACCELEROMETER Z (m/s²);GRAVITY X (m/s²);GRAVITY Y (m/s²);GRAVITY Z (m/s²);LINEAR ACCELERATION X (m/s²);LINEAR ACCELERATION Y (m/s²);LINEAR ACCELERATION Z (m/s²);GYROSCOPE X (rad/s);GYROSCOPE Y (rad/s);GYROSCOPE Z (rad/s);LIGHT (lux);MAGNETIC FIELD X (μT);MAGNETIC FIELD Y (μT);MAGNETIC FIELD Z (μT);ORIENTATION Z (azimuth °);ORIENTATION X (pitch °);ORIENTATION Y (roll °);PROXIMITY (m);SOUND LEVEL (dB);LOCATION Latitude : ;LOCATION Longitude : ;LOCATION Altitude ( m);LOCATION Altitude-google ( m);LOCATION Speed ( Kmh);LOCATION Accuracy ( m);LOCATION ORIENTATION (°);Satellites in range;Time since start in ms ;YYYY-MO-DD HH-MI-SS_SSS
0.6614;4.8848;10.8409;-1.7899;2.1856;9.3909;3.5075;1.4982;2.0212;0.8997;-1.113;-0.9028;0.6225;-14.08;-25.91;-38.42;118.73;-9.54;16.42;5.0;41.522;47.666527;9.163702;441.43;NaN;0.0;3.790092;;17 / 20;10;2022-01-19 18:50:48:853
10.6315;12.311;-0.7458;1.8428;8.8245;3.8603;1.7331;-3.3684;-0.8462;0.3748;1.9062;0.5616;0.6225;-28.59;-39.45;-5.01;104.59;-58.61;-23.94;0.0;38.09;47.666523;9.163706;441.74;NaN;0.0;3.790092;;17 / 20;509;2022-01-19 18:50:49:352
6.0633;6.696;-0.3603;2.3408;9.4821;-0.8842;-0.9325;-0.4584;-0.7359;1.2245;-0.0383;-0.3975;0.6225;-33.0;-34.89;10.56;13.14;-72.74;-99.77;0.0;57.43;47.666523;9.163706;441.74;NaN;0.0;3.790092;;17 / 20;1009;2022-01-19 18:50:49:852
-4.1964;9.9222;-4.0037;1.3201;8.8198;-4.0791;-0.4083;-1.2266;0.7154;0.6656;-0.449;-0.5116;0.6225;-30.75;-29.64;21.92;322.53;-66.58;-148.76;0.0;54.684;47.666523;9.163706;441.74;NaN;0.0;3.790092;;17 / 20;1508;2022-01-19 18:50:50:351
1.7418;8.2408;-5.7168;1.454;8.4155;-4.8204;1.0886;-0.258;-0.1201;0.026;0.2454;0.4007;0.6225;-24.53;-26.96;32.87;320.24;-59.52;-165.57;0.0;58.1;47.666523;9.163706;441.74;NaN;0.0;3.790092;;17 / 20;2008;2022-01-19 18:50:50:851
4.0294;7.51;-5.053;3.9979;8.0644;-3.8926;-0.0372;-1.0051;-1.3233;-0.1242;0.2751;0.0598;0.6225;-36.81;-23.27;21.34;332.59;-55.32;-134.24;0.0;41.791;47.666523;9.163706;441.74;NaN;0.0;3.790092;;17 / 20;2509;2022-01-19 18:50:51:352
3.0305;5.2942;-4.6819;4.2632;8.293;-3.0367;-0.5502;-0.4438;-1.2975;-0.3296;-0.2804;-0.0401;0.6225;-36.96;-23.79;18.69;344.4;-56.35;-125.28;0.0;45.143;47.666523;9.163706;441.74;NaN;0.0;3.790092;;17 / 20;3008;2022-01-19 18:50:51:851
4.3006;9.0579;3.4584;3.5549;9.1387;0.13;2.7846;3.9564;-0.4108;-2.4333;-1.6522;-0.3145;0.6225;-33.23;-35.79;9.69;32.87;-68.73;-87.91;0.0;52.812;47.66652;9.163715;441.83;NaN;2.48;3.790092;117.9;17 / 20;3508;2022-01-19 18:50:52:351
-1.312;12.6677;6.8959;1.4024;9.0317;3.554;2.3872;3.1509;1.2228;-0.6327;0.6078;-0.9907;0.6225;-21.15;-45.11;0.15;93.77;-67.44;-47.3;0.0;46.378;47.66652;9.163715;441.83;NaN;2.48;3.790092;117.9;17 / 20;4008;2022-01-19 18:50:52:851
2.7839;8.8448;5.7341;0.9991;8.6562;4.4991;0.6259;2.0075;-0.8152;0.7178;-0.5129;-0.3877;0.6225;-17.36;-47.21;-3.97;128.78;-63.54;-18.72;0.0;43.427;47.66651;9.163739;442.31;NaN;8.39;3.790092;119.4;17 / 20;4507;2022-01-19 18:50:53:350
2.1302;9.9102;1.6544;1.8511;9.2733;2.598;-0.9009;-0.9343;-1.8548;0.5526;-0.6061;0.0269;0.6225;-15.73;-46.56;4.43;134.47;-66.69;-24.12;0.0;43.788;47.66651;9.163739;442.31;NaN;8.39;3.790092;119.4;17 / 20;5008;2022-01-19 18:50:53:851
3.8211;9.1297;-2.964;2.7977;9.3632;-0.8202;0.8813;0.8477;-0.3736;-0.1736;-0.0831;0.333;0.6225;-16.14;-38.53;24.6;63.35;-72.7;-106.34;0.0;44.049;47.6665;9.16376;442.76;NaN;6.34;3.790092;133.4;17 / 20;5507;2022-01-19 18:50:54:350
2.8557;8.0325;-2.0417;4.1389;8.8845;-0.3237;-1.3606;-1.7529;-1.4238;-0.5039;-0.2202;-0.0634;0.6225;-11.55;-42.6;19.8;97.47;-64.74;-99.71;0.0;43.829;47.6665;9.16376;442.76;NaN;6.34;3.790092;133.4;17 / 20;6008;2022-01-19 18:50:54:851
1.7442;8.4372;5.7485;2.8755;8.151;4.6329;-1.0388;-0.5805;-0.4058;-0.8989;-0.3401;0.1893;0.6225;-11.33;-47.18;0.39;136.26;-68.77;-56.25;0.0;50.983;47.666485;9.163778;442.86;NaN;7.63;3.790092;152.4;17 / 20;6507;2022-01-19 18:50:55:350
4.88;11.0385;1.9178;4.2594;8.7946;0.8265;0.2702;1.0501;2.6819;1.2362;0.0651;0.5441;0.6225;-18.62;-43.16;13.69;119.13;-62.84;-56.7;0.0;52.191;47.666485;9.163778;442.86;NaN;7.63;3.790092;152.4;17 / 20;7008;2022-01-19 18:50:55:851
3.644;7.601;-0.741;4.6778;8.6023;-0.537;-2.0042;-0.9448;-0.5118;-0.3375;0.012;-0.3004;0.6225;-24.09;-35.59;23.04;66.55;-57.28;-104.38;0.0;45.365;47.66646;9.16379;442.82;NaN;9.22;3.790092;159.1;17 / 20;7508;2022-01-19 18:50:56:351
1.9339;6.6577;3.9157;2.9899;7.9465;4.9076;-2.35;0.3788;1.3207;1.2519;0.1916;0.5363;0.6225;-20.06;-44.4;-2.61;121.39;-60.74;-43.87;0.0;55.596;47.66646;9.16379;442.82;NaN;9.22;3.790092;159.1;17 / 20;8007;2022-01-19 18:50:56:850
5.5893;6.8181;-2.1159;4.8443;8.4372;-1.2319;-0.8486;-1.7789;-2.8969;0.7402;0.6017;0.0503;0.6225;-31.86;-29.04;21.69;39.04;-59.36;-104.27;0.0;57.909;47.666435;9.163822;443.03;NaN;14.18;3.790092;133.2;17 / 20;8508;2022-01-19 18:50:57:351
0.1371;9.0363;8.1942;3.498;9.0237;1.5833;0.9037;1.7195;-0.9085;-1.9808;0.4786;-0.2154;0.6225;-28.44;-38.51;11.81;42.2;-64.8;-96.3;0.0;59.127;47.666435;9.163822;443.03;NaN;14.18;3.790092;133.2;17 / 20;9008;2022-01-19 18:50:57:851
4.7076;7.0886;-1.3114;4.562;8.68;-0.1284;0.9601;4.5888;3.1616;0.5334;0.5738;-0.2814;0.6225;-35.46;-29.78;18.68;45.85;-62.27;-91.61;0.0;57.662;47.66641;9.163902;443.25;NaN;19.04;3.790092;111.7;17 / 20;9509;2022-01-19 18:50:58:352
0.911;13.7792;9.1596;1.8204;8.6685;4.2088;2.0747;4.1365;1.3327;-3.3571;1.1651;-1.0875;0.6225;-31.01;-36.56;8.36;28.81;-70.7;-87.79;0.0;60.034;47.66641;9.163902;443.25;NaN;19.04;3.790092;111.7;17 / 20;10009;2022-01-19 18:50:58:852
6.3482;8.2935;-1.2635;3.1928;9.1047;1.7553;2.1003;-0.4805;4.5712;1.0003;0.3997;0.0269;0.6225;-34.65;-30.79;10.33;64.02;-68.19;-61.2;0.0;61.737;47.6664;9.163955;444.19;NaN;17.14;3.790092;108.9;17 / 20;10507;2022-01-19 18:50:59:350
-0.076;12.0231;7.5256;1.3765;8.5662;4.5712;1.1789;4.7241;1.2911;-2.9201;1.0791;-1.1622;0.6225;-30.47;-37.37;1.26;36.39;-72.16;-70.03;0.0;57.156;47.6664;9.163955;444.19;NaN;17.14;3.790092;108.9;17 / 20;11008;2022-01-19 18:50:59:851
4.7052;6.3267;-2.557;3.5926;9.057;1.1108;0.5082;4.0748;3.5318;-0.0912;0.4031;-0.1742;0.6225;-34.73;-31.26;10.39;50.73;-67.45;-72.82;0.0;57.17;47.666386;9.164028;444.63;NaN;20.92;3.861657;104.1;17 / 20;11508;2022-01-19 18:51:00:351
0.9206;7.2227;1.6352;0.5637;9.1681;3.4349;-0.8666;2.4612;2.5354;-0.3266;-0.1916;-0.612;0.6225;-25.59;-40.71;-2.53;58.48;-72.57;-50.59;0.0;55.338;47.666386;9.164028;444.63;NaN;20.92;3.861657;104.1;17 / 20;12008;2022-01-19 18:51:00:851
3.4524;7.5292;-2.7964;2.1244;9.5732;-0.1102;-0.5907;-0.8654;0.5129;0.2091;-0.1043;-0.1872;0.6225;-27.97;-36.32;14.48;35.32;-74.9;-92.29;0.0;52.656;47.666374;9.164095;446.06;NaN;19.76;3.887236;102.7;17 / 20;12507;2022-01-19 18:51:01:350
1.2055;12.7779;0.9595;0.8402;9.6947;1.2156;-1.1272;0.6742;0.7417;1.3568;-0.7339;0.8722;0.6225;-27.24;-36.81;10.82;105.76;-81.29;-13.41;0.0;49.547;47.666374;9.164095;446.06;NaN;19.76;3.887236;102.7;17 / 20;13008;2022-01-19 18:51:01:851
2.0464;10.0568;-1.8022;0.9756;9.7577;0.0729;0.9333;-0.7778;-3.0932;-1.5334;0.1249;-0.7055;0.6225;-24.51;-36.69;18.38;15.2;-75.32;-119.48;0.0;51.436;47.66636;9.164149;444.41;NaN;20.45;3.863371;104.1;17 / 20;13508;2022-01-19 18:51:02:351
4.528;10.6913;-1.8381;2.2314;9.4927;1.0392;-1.112;2.1982;1.3919;0.8841;-0.1352;-0.2206;0.6225;-26.81;-38.61;9.26;114.24;-75.65;-12.05;0.0;51.965;47.66636;9.164149;444.41;NaN;20.45;3.863371;104.1;17 / 20;14008;2022-01-19 18:51:02:851
-1.8489;10.6698;8.3402;0.4764;9.1654;3.4554;-0.3467;2.8721;3.2264;-1.7282;0.9327;-0.9433;0.6225;-24.36;-40.69;-4.33;108.6;-69.16;-7.85;0.0;51.125;47.666344;9.164227;444.57;NaN;21.92;3.839645;102.3;17 / 20;14508;2022-01-19 18:51:03:351
1.2198;8.114;1.1007;1.8021;9.3763;2.238;0.124;-0.9593;0.8431;-0.1328;0.0658;-0.2149;0.6225;-27.47;-39.64;6.66;74.08;-72.68;-50.8;0.0;50.77;47.666344;9.164227;444.57;NaN;21.92;3.839645;102.3;17 / 20;15008;2022-01-19 18:51:03:851
0.2328;9.8791;4.0259;-0.1872;8.9673;3.9652;-0.3122;0.2997;0.6921;1.3357;-0.9619;0.7968;0.6225;-25.74;-42.07;-2.46;122.01;-66.12;2.7;0.0;51.156;47.666336;9.164305;444.81;NaN;22.39;3.805673;98.2;17 / 21;15507;2022-01-19 18:51:04:350
2.6857;9.9587;3.3525;0.6939;9.3227;2.9625;2.0746;1.0065;-1.9363;-1.2929;0.4164;-0.27;0.6225;-25.74;-40.18;2.01;93.26;-76.24;-23.07;0.0;53.361;47.666336;9.164305;444.81;NaN;22.39;3.805673;98.2;17 / 21;16007;2022-01-19 18:51:04:850
5.0715;7.668;2.3948;1.8377;9.3262;2.4113;-1.211;3.3084;0.7939;-0.8303;-0.1204;-0.4839;0.6225;-29.32;-38.66;4.58;88.07;-71.99;-37.31;0.0;52.555;47.66633;9.164386;444.92;NaN;21.92;3.943928;99.9;17 / 21;16508;2022-01-19 18:51:05:351
-0.6871;11.13;5.9807;-0.4998;8.5014;4.8628;-1.548;2.4449;2.6028;-0.2225;0.3008;0.0087;0.6225;-21.49;-42.68;-8.03;103.37;-69.56;-8.62;0.0;55.805;47.66633;9.164386;444.92;NaN;21.92;3.943928;99.9;17 / 21;17008;2022-01-19 18:51:05:851
1.3324;9.4673;0.8469;1.6159;9.1343;3.1819;0.129;-1.9918;-0.5604;-0.2972;0.408;-0.6178;0.6225;-25.61;-39.92;-0.62;96.92;-68.66;-26.92;0.0;58.243;47.66632;9.164471;445.28;NaN;24.37;3.82657;102.6;18 / 21;17508;2022-01-19 18:51:06:351
4.2048;8.1523;-2.0345;1.5854;9.0575;3.4087;-1.3884;0.5537;3.346;1.0599;-1.0702;0.8801;0.6225;-28.07;-39.47;2.01;122.69;-62.46;4.42;0.0;53.472;47.66632;9.164471;445.28;NaN;24.37;3.82657;102.6;18 / 21;18007;2022-01-19 18:51:06:850
-1.5018;7.2419;3.8942;-0.2984;8.5759;4.7471;-1.249;3.1932;4.3402;0.6373;0.3643;0.7964;0.6225;-19.97;-42.75;-10.74;102.03;-67.31;-24.72;0.0;57.501;47.666306;9.164553;444.48;NaN;23.44;3.790092;102.7;18 / 21;18508;2022-01-19 18:51:07:351
1.2055;11.9513;3.0819;0.8108;9.0394;3.7152;0.4587;-1.8711;-2.9774;-1.7703;0.9596;-0.7916;0.6225;-26.63;-41.62;-2.1;99.25;-67.0;-26.14;0.0;57.582;47.666306;9.164553;444.48;NaN;23.44;3.790092;102.7;18 / 21;19008;2022-01-19 18:51:07:851
3.2058;5.1721;3.9732;1.8064;8.7116;4.125;1.8378;-0.8373;-2.9253;-0.7546;-0.6297;-0.0289;0.6225;-25.46;-40.29;-3.34;126.74;-55.05;10.94;0.0;56.461;47.666286;9.164642;444.48;NaN;26.14;3.827131;98.6;18 / 21;19507;2022-01-19 18:51:08:350
-0.4812;11.2689;5.691;0.0414;8.178;5.412;-1.4624;0.6287;1.6952;1.4925;-1.1959;0.9358;0.6225;-24.21;-42.58;-11.74;119.58;-56.5;-0.44;0.0;59.967;47.666286;9.164642;444.48;NaN;26.14;3.827131;98.6;18 / 21;20007;2022-01-19 18:51:08:850
-0.6369;10.574;10.9128;-0.1556;8.2034;5.3713;1.0188;1.2701;-0.7005;-2.0773;1.7699;-1.3614;0.6225;-18.47;-45.62;-15.64;123.6;-56.77;1.66;0.0;61.555;47.66627;9.164735;444.29;NaN;27.25;3.790092;105.3;18 / 21;20508;2022-01-19 18:51:09:351
3.2753;6.5733;-0.2358;1.1535;8.8806;3.9967;-0.6623;-0.1462;-2.7706;0.2109;0.3502;-0.5256;0.6225;-26.49;-41.53;-3.97;106.69;-62.86;-23.51;0.0;57.626;47.66627;9.164735;444.29;NaN;27.25;3.790092;105.3;18 / 21;21008;2022-01-19 18:51:09:851
4.0366;7.9703;4.452;1.2773;8.7047;4.332;-1.9707;0.7937;4.2241;-0.5373;-0.2517;-0.2538;0.6225;-28.57;-40.18;-2.01;109.11;-62.58;-16.43;0.0;60.241;47.666256;9.164839;445.16;NaN;27.4;3.790092;103.7;18 / 21;21508;2022-01-19 18:51:10:351
-1.0534;7.1413;10.4818;-1.2192;7.1917;6.5547;-0.0088;1.2973;4.189;0.2409;-0.3558;0.5608;0.6225;-20.85;-41.77;-15.41;125.18;-50.15;12.56;0.0;61.62;47.666256;9.164839;445.16;NaN;27.4;3.790092;103.7;18 / 21;22007;2022-01-19 18:51:10:850
-1.7747;7.68;2.7851;1.1857;8.5388;4.6747;0.6671;-0.4767;-3.1076;-2.5691;1.5498;-1.2981;0.6225;-24.49;-44.1;-3.66;113.16;-59.26;-20.13;0.0;60.104;47.66624;9.164932;444.77;NaN;26.39;3.790092;103.4;18 / 21;22509;2022-01-19 18:51:11:352
1.7298;5.5055;2.2745;2.2726;8.1792;4.9098;1.3711;-0.9494;-0.5561;-0.4365;-0.4059;0.0123;0.6225;-26.61;-42.06;-2.77;118.31;-58.86;-13.7;0.0;57.841;47.66624;9.164932;444.77;NaN;26.39;3.790092;103.4;18 / 21;23008;2022-01-19 18:51:11:851
1.1456;6.9019;3.4704;-0.3104;7.4973;6.3139;-1.9499;1.1205;2.3065;0.7278;-1.2765;0.7921;0.6225;-25.09;-41.61;-7.69;130.81;-49.86;2.81;0.0;62.37;47.66622;9.165021;445.33;NaN;26.86;3.790092;108.8;18 / 21;23507;2022-01-19 18:51:12:350
-3.1544;10.5261;12.4127;0.1028;6.911;6.9569;1.1655;0.9379;6.1244;-1.4145;1.6198;-0.6959;0.6225;-24.06;-42.36;-10.48;111.3;-57.85;-19.9;0.0;62.744;47.66622;9.165021;445.33;NaN;26.86;3.790092;108.8;18 / 21;24008;2022-01-19 18:51:12:851
0.7667;7.932;1.0888;0.7259;8.6435;4.5753;-0.0258;-2.1763;-3.5863;-0.2557;1.0109;-0.9062;0.6225;-23.83;-43.65;-2.74;117.88;-60.07;-24.86;0.0;58.358;47.6662;9.165118;445.4;NaN;27.11;3.790092;103.7;16 / 21;24507;2022-01-19 18:51:13:350
3.055;5.2247;4.4089;1.0455;8.3177;5.0885;-1.6422;1.0822;6.0972;-0.2399;-0.2888;-0.276;0.6225;-23.62;-41.01;-10.63;130.76;-48.44;9.13;0.0;58.02;47.6662;9.165118;445.4;NaN;27.11;3.790092;103.7;16 / 21;25008;2022-01-19 18:51:13:851
-0.1335;8.5353;4.8501;-0.3445;7.5245;6.2796;-0.7043;-1.8124;-1.0832;1.2651;-0.6576;1.0034;0.6225;-20.87;-41.25;-16.54;122.87;-50.11;3.14;0.0;59.512;47.666176;9.165213;445.57;NaN;26.24;3.790092;104.7;16 / 21;25508;2022-01-19 18:51:14:351
-3.6691;9.3069;10.331;0.635;8.2595;5.2487;1.2419;1.1076;-3.6637;-1.2048;0.816;-0.4458;0.6225;-23.29;-43.44;-7.05;121.35;-56.61;-19.19;0.0;60.557;47.666176;9.165213;445.57;NaN;26.24;3.790092;104.7;16 / 21;26007;2022-01-19 18:51:14:850
2.001;7.2754;1.0265;2.1752;7.9825;5.2648;1.678;-3.9571;-1.6614;-0.0134;0.2282;-0.125;0.6225;-28.03;-39.45;-5.19;113.03;-54.49;-22.45;0.0;61.029;47.66616;9.165317;446.05;NaN;28.55;3.790092;101.4;17 / 21;26507;2022-01-19 18:51:15:350
3.7565;-0.7661;-11.9997;1.4196;8.5718;4.5475;-1.1595;-4.392;1.3899;1.3686;-0.811;0.5043;0.6225;-22.11;-42.62;-11.44;129.95;-51.68;2.64;0.0;62.461;47.66616;9.165317;446.05;NaN;28.55;3.790092;101.4;17 / 21;27008;2022-01-19 18:51:15:851
-2.7306;8.181;9.6935;-1.6172;6.8515;6.8273;-1.0796;1.6761;4.5382;1.1084;-1.5698;0.8534;0.6225;-18.71;-41.55;-19.59;130.19;-44.32;13.33;0.0;60.284;47.666153;9.165414;445.41;NaN;26.28;3.790092;95.7;17 / 21;27507;2022-01-19 18:51:16:350
-2.4283;10.1191;11.1043;-0.6538;7.4051;6.3959;1.1251;3.0907;-1.5929;-2.3765;1.697;-1.1535;0.6225;-15.49;-40.29;-21.71;115.61;-58.23;-15.74;0.0;60.213;47.666153;9.165414;445.41;NaN;26.28;3.790092;95.7;17 / 21;28010;2022-01-19 18:51:16:853
0.6973;6.1711;2.2075;2.0339;8.0176;5.268;2.0057;-1.0173;-1.3422;0.4069;1.0515;-0.49;0.6225;-26.17;-40.86;-7.14;116.03;-54.84;-21.11;0.0;59.263;47.666138;9.165517;445.68;NaN;29.59;3.790092;104.2;17 / 21;28507;2022-01-19 18:51:17:350
0.7332;4.3096;-0.3077;1.1761;8.0953;5.4086;-1.4946;1.7942;5.2556;1.296;-1.3642;0.7286;0.6225;-24.07;-41.04;-14.7;127.02;-47.15;8.29;0.0;63.031;47.666138;9.165517;445.68;NaN;29.59;3.790092;104.2;17 / 21;29008;2022-01-19 18:51:17:851
-1.4222;8.5281;5.621;-1.436;6.5239;7.1796;-2.4882;3.3025;6.9825;0.9066;-1.196;1.0321;0.6225;-19.28;-42.39;-19.31;133.8;-41.7;11.31;0.0;62.098;47.666122;9.165612;445.49;NaN;27.83;3.790092;101.1;17 / 21;29507;2022-01-19 18:51:18:350
-1.8872;9.5535;14.379;-0.3445;7.7895;5.9477;1.5902;1.7868;-4.184;-1.8917;1.598;-1.165;0.6225;-19.41;-41.14;-17.06;108.08;-56.6;-17.72;0.0;59.004;47.666122;9.165612;445.49;NaN;27.83;3.790092;101.1;17 / 21;30008;2022-01-19 18:51:18:851
1.4952;8.1882;1.5682;1.4241;8.1674;5.2379;0.7188;-2.716;-3.2542;0.271;0.8788;-0.4053;0.6225;-26.1;-42.11;-7.5;115.03;-55.63;-20.21;0.0;58.293;47.666107;9.165719;446.02;NaN;28.73;3.790092;98.7;17 / 21;30508;2022-01-19 18:51:19:351
3.9409;7.5268;-4.2551;0.764;7.6976;6.0278;-0.9376;0.2892;2.0988;-0.1174;-0.5635;0.1032;0.6225;-27.58;-41.36;-4.69;127.41;-46.15;6.86;0.0;59.872;47.666107;9.165719;446.02;NaN;28.73;3.790092;98.7;17 / 21;31007;2022-01-19 18:51:19:850
-4.194;8.3653;9.7318;-1.4295;6.8964;6.824;1.5618;-0.9106;0.5294;-0.6808;0.2106;-0.2497;0.6225;-15.41;-42.36;-19.71;116.22;-57.63;-17.0;0.0;62.332;47.666096;9.165819;445.83;NaN;27.79;3.790092;104.7;17 / 21;31508;2022-01-19 18:51:20:351
0.7117;8.6;2.0279;1.8632;7.855;5.5675;1.0678;-1.4718;-0.7396;0.0047;1.014;-0.577;0.6225;-26.12;-41.18;-10.26;110.77;-57.39;-13.89;0.0;60.39;47.666096;9.165819;445.83;NaN;27.79;3.790092;104.7;17 / 21;32008;2022-01-19 18:51:20:851
1.7729;7.7069;-4.7393;0.8739;7.784;5.9005;-1.8478;5.3118;2.585;0.3108;-1.4279;0.9141;0.6225;-23.83;-42.84;-11.66;122.38;-52.54;-8.42;0.0;62.865;47.666077;9.165923;446.22;NaN;28.94;3.790092;106.5;18 / 21;32509;2022-01-19 18:51:21:352
-3.3627;7.2059;6.189;-1.5005;6.7277;6.9754;-0.552;2.8688;3.9806;0.5322;0.079;0.1415;0.6225;-15.66;-41.77;-20.21;124.06;-51.06;2.75;0.0;59.888;47.666077;9.165923;446.22;NaN;28.94;3.790092;106.5;18 / 21;33008;2022-01-19 18:51:21:851
1.646;8.5808;3.4465;1.9684;8.1994;5.0065;-0.0171;-3.0398;-2.1958;-0.2988;1.0054;-0.831;0.6225;-23.64;-42.49;-7.14;117.4;-56.73;-21.46;0.0;59.152;47.666065;9.16602;446.2;NaN;27.86;3.790092;105.4;18 / 21;33508;2022-01-19 18:51:22:351
4.1785;5.0045;-7.5729;1.8962;8.2479;4.9544;-1.4987;-0.3546;4.6295;1.504;-1.0615;0.8152;0.6225;-26.06;-41.23;-7.52;128.3;-50.22;1.82;0.0;64.013;47.666065;9.16602;446.2;NaN;27.86;3.790092;105.4;18 / 21;34008;2022-01-19 18:51:22:851
-3.2382;9.587;8.3163;-0.6477;6.884;6.9542;-1.0407;2.6158;1.8013;0.9317;-0.5964;1.0137;0.6225;-14.91;-37.82;-18.34;132.95;-44.59;5.32;0.0;61.763;47.666042;9.166134;446.11;NaN;30.89;3.790092;105.7;18 / 21;34507;2022-01-19 18:51:23:350
0.3023;8.0469;2.8066;1.1614;8.4833;4.7808;0.918;-0.9449;-3.2849;0.08;1.0286;-0.7952;0.6225;-23.51;-37.52;-8.4;106.19;-58.29;-24.15;0.0;61.727;47.666042;9.166134;446.11;NaN;30.89;3.790092;105.7;18 / 21;35007;2022-01-19 18:51:23:850
7.6519;7.6848;4.5508;0.4725;7.6535;6.1132;-1.8545;1.3121;4.0081;-0.759;-0.8483;0.3774;0.6225;-25.37;-35.72;-5.31;124.89;-51.3;-4.42;0.0;62.229;47.666027;9.166237;444.97;NaN;29.77;3.790092;101.2;18 / 21;35508;2022-01-19 18:51:24:351
0.1131;6.0873;4.373;-1.5037;6.0755;7.5497;-0.14;5.1815;10.6105;0.3401;-1.2158;0.9133;0.6225;-13.8;-36.75;-22.44;127.04;-44.25;6.25;0.0;64.018;47.666027;9.166237;444.97;NaN;29.77;3.790092;101.2;18 / 21;36007;2022-01-19 18:51:24:850
-1.6071;7.2083;7.3077;-0.5253;7.3688;6.4494;2.2859;0.5746;-2.5808;-1.7249;1.5443;-1.0815;0.6225;-18.66;-39.04;-16.11;113.84;-54.28;-13.91;0.0;58.888;47.666008;9.166347;445.45;NaN;28.4;3.790092;102.3;18 / 21;36507;2022-01-19 18:51:25:350
1.9483;6.1615;2.7204;1.6867;8.1374;5.2066;0.5116;-0.0835;-3.6852;0.1395;0.1272;-0.2804;0.6225;-23.27;-39.02;-8.83;129.62;-48.51;-0.3;0.0;58.019;47.666008;9.166347;445.45;NaN;28.4;3.790092;102.3;18 / 21;37008;2022-01-19 18:51:25:851
-1.0439;9.4912;9.921;-0.2236;7.3467;6.492;-2.2183;1.1294;1.2964;0.7418;-1.1877;1.2979;0.6225;-21.56;-37.35;-17.46;118.68;-48.52;1.97;0.0;62.821;47.666004;9.166449;445.12;NaN;30.42;3.790092;103.0;18 / 21;37508;2022-01-19 18:51:26:351
-2.4954;8.9956;13.4997;0.4627;7.9685;5.6973;2.0286;0.6231;-3.2418;-1.1383;0.6799;-0.2337;0.6225;-16.69;-37.91;-19.84;117.65;-53.3;-19.2;0.0;62.288;47.666004;9.166449;445.12;NaN;30.42;3.790092;103.0;18 / 21;38007;2022-01-19 18:51:26:850
1.6628;6.9881;1.9465;1.6733;7.8511;5.633;0.6927;-2.4224;-1.4413;-0.2923;-0.2406;-0.1871;0.6225;-26.44;-38.64;-9.79;113.87;-53.19;-16.54;0.0;62.152;47.665993;9.166557;445.58;NaN;30.35;3.790092;101.2;18 / 21;38508;2022-01-19 18:51:27:351
0.6853;6.0322;9.071;0.6614;7.5187;6.2612;-2.266;1.201;4.1435;1.1797;-1.158;0.8897;0.6225;-26.01;-37.12;-10.95;127.31;-42.76;12.56;0.0;63.778;47.665993;9.166557;445.58;NaN;30.35;3.790092;101.2;18 / 21;39007;2022-01-19 18:51:27:850
-3.7391;8.9405;12.4391;-0.9383;7.3689;6.4023;-0.6732;0.604;-1.3067;0.4684;-0.1374;0.3028;0.6225;-18.3;-36.62;-16.09;112.09;-56.09;-20.42;0.0;58.487;47.665977;9.166663;446.29;NaN;28.87;3.790092;103.0;18 / 21;39509;2022-01-19 18:51:28:352
1.8328;8.5617;2.9167;1.7488;7.8371;5.6296;0.2103;-2.7793;-2.4312;0.0885;0.3198;-0.4395;0.6225;-26.42;-37.28;-6.58;109.56;-53.65;-19.78;0.0;58.124;47.665977;9.166663;446.29;NaN;28.87;3.790092;103.0;18 / 21;40009;2022-01-19 18:51:28:852
1.7633;4.0773;3.4201;-0.2129;7.2798;6.5673;-1.3456;2.3812;0.9657;0.5905;-1.3531;0.5507;0.6225;-26.29;-38.76;-8.91;127.38;-47.93;1.86;0.0;63.092;47.66596;9.166777;447.0;NaN;31.46;3.790092;102.3;18 / 21;40508;2022-01-19 18:51:29:351
-1.3743;7.6345;8.4168;-1.6956;6.3996;7.2347;-0.3545;1.7654;1.8237;-0.498;0.461;-0.1197;0.6225;-14.72;-36.68;-23.92;115.53;-51.14;0.02;0.0;60.604;47.66596;9.166777;447.0;NaN;31.46;3.790092;102.3;18 / 21;41008;2022-01-19 18:51:29:851
1.6747;8.1738;2.059;0.8232;8.2305;5.268;1.3467;-0.6089;-3.2667;-0.5296;1.0025;-0.7863;0.6225;-25.2;-38.46;-4.89;114.2;-56.38;-21.06;0.0;57.743;47.665936;9.166886;447.67;NaN;30.2;3.790092;108.7;18 / 21;41507;2022-01-19 18:51:30:350
3.3639;6.353;5.1134;1.3517;7.9479;5.5835;-1.8259;0.4747;3.6467;-0.9547;-0.3587;-0.0642;0.6225;-27.04;-37.69;-7.29;130.24;-46.03;5.79;0.0;63.611;47.665936;9.166886;447.67;NaN;30.2;3.790092;108.7;18 / 21;42008;2022-01-19 18:51:30:851
-2.9221;7.0862;3.1083;-1.3381;6.7021;7.0329;-1.6174;1.4072;1.8744;0.9242;-0.0386;0.2485;0.6225;-16.33;-38.7;-21.77;126.54;-44.64;7.9;0.0;63.025;47.66592;9.166993;447.41;NaN;28.91;3.790749;101.1;18 / 21;42507;2022-01-19 18:51:31:350
1.3156;9.5654;4.6058;1.6591;7.9633;5.4776;0.6439;-3.2614;-2.6412;-1.7735;1.3274;-1.1686;0.6225;-24.49;-39.82;-9.71;112.06;-54.73;-20.92;0.0;57.017;47.66592;9.166993;447.41;NaN;28.91;3.790749;101.1;18 / 21;43008;2022-01-19 18:51:31:851
3.2417;4.13;3.1226;1.9914;8.4909;4.4844;1.2748;0.3548;-4.9232;1.305;-0.6465;0.3835;0.6225;-30.26;-34.2;-9.45;127.71;-41.84;11.26;0.0;60.41;47.665897;9.167097;447.59;NaN;29.81;3.90929;108.9;18 / 21;43508;2022-01-19 18:51:32:351
-3.3698;10.8709;9.897;-2.0751;6.4352;7.103;-1.2264;1.6841;3.6708;0.9856;-1.2181;1.1919;0.6225;-9.19;-37.56;-25.09;132.98;-41.01;16.29;0.0;60.344;47.665897;9.167097;447.59;NaN;29.81;3.90929;108.9;18 / 21;44008;2022-01-19 18:51:32:851
-4.5604;11.142;10.1005;0.1876;7.8873;5.8246;2.0751;0.1165;-2.3776;0.0224;1.1891;-0.7222;0.6225;-18.9;-42.45;-18.22;118.5;-53.54;-1.85;0.0;58.749;47.665882;9.167192;447.43;NaN;29.74;3.925235;102.1;17 / 21;44507;2022-01-19 18:51:33:350
2.4678;5.2439;2.6175;1.7303;7.8947;5.5543;3.6697;-1.5728;-0.6842;-0.347;-0.6853;0.0293;0.6225;-27.62;-45.21;-7.46;127.7;-51.24;-3.99;0.0;63.661;47.665882;9.167192;447.43;NaN;29.74;3.925235;102.1;17 / 21;45007;2022-01-19 18:51:33:850
-1.3838;7.2419;9.332;-1.0456;6.8893;6.9003;-1.4851;0.8295;-2.1369;1.5415;-0.9523;0.9244;0.6225;-17.96;-39.47;-15.83;132.55;-44.63;8.62;0.0;63.342;47.66586;9.167301;448.1;NaN;30.38;4.238256;108.6;16 / 21;45507;2022-01-19 18:51:34:350
-2.9892;8.1906;9.3128;-0.8552;6.687;7.122;-1.9815;0.706;5.8874;-1.3118;1.5791;-1.0471;0.6225;-18.88;-41.93;-11.96;117.5;-58.26;-16.74;0.0;55.947;47.66586;9.167301;448.1;NaN;30.38;4.238256;108.6;16 / 21;46008;2022-01-19 18:51:34:851
1.8926;4.3413;2.7755;1.9888;7.8154;5.5799;1.5527;-0.9976;-3.6584;0.2535;0.7134;-0.7249;0.6225;-24.38;-40.46;-8.74;119.29;-52.84;-19.62;0.0;59.4;47.66584;9.167406;447.9;NaN;30.31;3.871618;107.1;16 / 21;46507;2022-01-19 18:51:35:350
3.4453;7.0767;3.559;0.7916;7.3474;6.4467;-2.5938;-0.6031;1.7158;1.1385;-1.2719;1.1552;0.6225;-19.31;-39.23;-19.58;131.35;-39.73;8.91;0.0;62.059;47.66584;9.167406;447.9;NaN;30.31;3.871618;107.1;16 / 21;47008;2022-01-19 18:51:35:851
-3.3196;8.8304;8.9842;-0.965;6.5979;7.1907;-0.8324;1.7773;3.2943;0.116;0.2023;0.1686;0.6225;-17.16;-39.64;-22.93;120.16;-47.79;-2.02;0.0;61.152;47.665813;9.167508;448.29;NaN;30.1;3.790092;107.8;16 / 21;47507;2022-01-19 18:51:36:350
3.9648;7.5986;3.3214;2.4605;7.8366;5.3576;-0.1134;-2.7192;-1.7617;-1.2907;1.6431;-1.1341;0.6225;-29.16;-38.32;-5.31;105.89;-55.4;-28.48;0.0;58.173;47.665813;9.167508;448.29;NaN;30.1;3.790092;107.8;16 / 21;48007;2022-01-19 18:51:36:850
1.4066;6.0059;8.7233;1.7798;7.9808;5.4138;0.0651;-2.8844;-0.8581;1.0347;-1.5113;0.7289;0.6225;-27.58;-38.72;-11.16;124.27;-47.31;3.01;0.0;62.105;47.66579;9.167605;447.58;NaN;28.91;3.790092;102.0;16 / 21;48507;2022-01-19 18:51:37:350
-2.3804;5.8095;1.5538;-1.3892;6.2711;7.4104;-2.363;7.3372;7.9935;0.6483;-0.5935;0.9531;0.6225;-18.34;-40.14;-20.68;107.6;-53.78;-9.47;0.0;61.931;47.66579;9.167605;447.58;NaN;28.91;3.790092;102.0;16 / 21;49008;2022-01-19 18:51:37:851
2.9419;7.1365;1.7621;0.7473;8.2217;5.293;1.6278;0.9525;-3.1887;-0.2144;0.6028;-0.7322;0.6225;-23.59;-41.42;-10.67;115.08;-56.97;-8.04;0.0;57.856;47.665775;9.167711;446.94;NaN;29.45;3.790092;103.3;16 / 21;49507;2022-01-19 18:51:38:350
3.9049;11.9776;4.2102;0.4458;7.4863;6.3188;-0.2153;0.7961;4.287;-0.8903;-0.7298;0.1061;0.6225;-24.79;-39.98;-13.03;131.1;-44.55;14.0;0.0;59.688;47.665775;9.167711;446.94;NaN;29.45;3.790092;103.3;16 / 21;50009;2022-01-19 18:51:38:852
-2.4978;8.9645;7.6597;-1.9181;6.5852;7.009;-0.2974;-0.4841;0.5993;0.3664;0.2226;0.3125;0.6225;-18.11;-39.71;-23.17;127.43;-42.18;15.3;0.0;60.748;47.665764;9.167818;446.66;NaN;28.94;3.790092;98.7;15 / 21;50508;2022-01-19 18:51:39:351
-1.7508;11.2545;13.0185;-0.823;7.2566;6.5448;0.6565;1.55;-1.4047;-1.8667;1.3983;-1.3008;0.6225;-14.85;-41.72;-20.66;113.4;-55.57;-13.93;0.0;57.954;47.665764;9.167818;446.66;NaN;28.94;3.790092;98.7;15 / 21;51008;2022-01-19 18:51:39:851
2.8054;7.8075;2.5576;2.7264;8.2599;4.5289;0.8115;-3.0475;-2.8762;-0.0375;0.6144;-0.4085;0.6225;-29.96;-38.79;-4.63;100.73;-57.38;-31.05;0.0;63.258;47.66575;9.167929;447.18;NaN;30.56;3.790092;103.7;14 / 21;51507;2022-01-19 18:51:40:350
-3.4943;5.2056;6.6391;0.1682;7.4323;6.3956;-3.4134;0.1874;3.1893;1.3835;-1.3134;1.1536;0.6225;-23.36;-38.68;-19.12;124.99;-43.2;8.43;0.0;62.629;47.66575;9.167929;447.18;NaN;30.56;3.790092;103.7;14 / 21;52008;2022-01-19 18:51:40:851
-5.1356;8.011;10.1658;0.3481;7.9437;5.7399;1.193;1.6192;-3.8773;-0.8837;0.626;-0.2073;0.6225;-22.78;-40.33;-17.53;105.98;-53.98;-22.78;0.0;55.827;47.66574;9.168037;446.9;NaN;29.23;3.790092;95.3;14 / 21;52508;2022-01-19 18:51:41:351
3.1149;5.208;1.0121;1.3948;8.2418;5.1281;0.7418;-2.0121;-2.8797;-0.3089;-0.1861;-0.0478;0.6225;-27.66;-39.47;-7.89;114.17;-56.28;-7.58;0.0;59.201;47.66574;9.168037;446.9;NaN;29.23;3.790092;95.3;14 / 21;53008;2022-01-19 18:51:41:851
1.2869;8.7125;6.3375;0.4494;8.003;5.6498;-1.8839;-0.4383;1.7701;1.4776;-1.0318;1.025;0.6225;-23.94;-39.73;-16.37;127.78;-45.03;12.26;0.0;59.999;47.665733;9.168146;446.9;NaN;29.77;3.790092;93.9;15 / 21;53508;2022-01-19 18:51:42:351
-1.7388;6.7343;6.5027;-1.3096;6.7928;6.9507;-0.8424;3.0757;1.5346;0.3487;-0.1065;0.369;0.6225;-21.69;-41.08;-17.64;105.0;-56.43;-8.55;0.0;58.49;47.665733;9.168146;446.9;NaN;29.77;3.790092;93.9;15 / 21;54008;2022-01-19 18:51:42:851
2.1638;6.6242;1.2857;1.7947;8.314;4.8813;0.3642;-1.3496;-2.2177;0.3113;0.5899;-0.3549;0.6225;-30.41;-38.25;-7.78;101.41;-56.74;-22.79;0.0;55.437;47.665726;9.168242;446.18;NaN;30.2;3.790092;100.4;14 / 21;54508;2022-01-19 18:51:43:351
3.6943;6.3722;0.3274;-0.0446;7.2677;6.5839;-1.7481;0.6325;2.3406;1.5367;-0.874;0.7101;0.6225;-23.16;-36.26;-23.27;118.37;-41.75;9.64;0.0;63.933;47.665726;9.168242;446.18;NaN;30.2;3.790092;100.4;14 / 21;55007;2022-01-19 18:51:43:850
-2.8479;8.7915;12.8772;-1.825;6.2443;7.3382;-0.7571;2.4936;4.6304;-0.9867;0.7146;-0.4806;0.6225;-19.89;-36.58;-24.11;96.48;-53.8;-0.93;0.0;62.596;47.66573;9.168349;445.88;NaN;29.09;3.790092;90.3;14 / 21;55508;2022-01-19 18:51:44:351
2.238;3.9768;1.6496;1.4079;8.1298;5.3004;-0.4745;-2.6937;-2.4951;-0.383;0.8318;-0.567;0.6225;-28.39;-39.45;-11.02;114.31;-53.51;-5.95;0.0;58.922;47.66573;9.168349;445.88;NaN;29.09;3.790092;90.3;14 / 21;56007;2022-01-19 18:51:44:850
6.1016;6.9019;2.1835;0.0762;7.3844;6.4526;-0.6277;1.3108;5.5924;1.1335;-1.1289;0.6867;0.6225;-22.84;-38.12;-19.24;125.48;-42.48;13.01;0.0;59.748;47.66575;9.168429;442.95;NaN;24.95;3.790092;77.4;14 / 21;56507;2022-01-19 18:51:45:350
-1.7172;6.2261;4.9075;-1.7382;6.1773;7.4155;-0.3028;0.902;3.5064;-0.526;0.1919;-0.0198;0.6225;-16.78;-38.59;-25.54;111.96;-48.41;6.39;0.0;55.666;47.66575;9.168429;442.95;NaN;24.95;3.790092;77.4;14 / 21;57008;2022-01-19 18:51:45:851
1.6245;7.9918;3.9516;1.6049;7.8887;5.6002;0.8651;-0.9021;-1.1889;-0.5165;1.2134;-0.8937;0.6225;-27.66;-39.47;-11.04;109.5;-53.55;-15.99;0.0;56.262;47.665752;9.168532;442.69;NaN;28.44;3.790092;81.2;15 / 21;57508;2022-01-19 18:51:46:351
-0.1814;7.7476;8.515;-0.4148;7.5452;6.2504;0.1491;0.1086;0.9832;0.8258;-1.2102;0.5437;0.6225;-21.34;-39.19;-19.22;125.49;-40.45;15.72;0.0;61.821;47.665752;9.168532;442.69;NaN;28.44;3.790092;81.2;15 / 21;58007;2022-01-19 18:51:46:850
-1.9519;9.5176;17.0335;-1.7346;7.2699;6.349;2.6228;-0.2713;-1.5573;0.5509;-0.0165;0.0229;0.6225;-14.79;-38.57;-21.28;125.16;-47.84;15.28;0.0;61.948;47.665745;9.168636;442.76;NaN;28.3;3.790092;100.2;15 / 21;58508;2022-01-19 18:51:47:351
2.827;4.6382;4.2701;1.8395;7.8845;5.5337;0.1273;-1.3211;-1.6879;0.1873;-0.2051;-0.0807;0.6225;-24.56;-37.29;-11.12;109.13;-54.9;-14.5;0.0;62.825;47.665745;9.168636;442.76;NaN;28.3;3.790092;100.2;15 / 21;59008;2022-01-19 18:51:47:851
1.2965;8.3989;2.7156;1.2666;7.979;5.559;-0.5123;2.1074;2.9698;1.0772;-0.9105;0.9039;0.6225;-24.24;-37.46;-13.72;124.35;-46.44;6.46;0.0;61.579;47.66573;9.16874;442.7;NaN;29.3;3.790092;105.4;15 / 21;59508;2022-01-19 18:51:48:351
-1.7125;8.7628;11.567;-1.1379;7.2521;6.5025;-0.1469;2.3827;-0.1314;0.1767;0.0995;0.1579;0.6225;-23.21;-39.54;-9.13;113.88;-58.74;-12.08;0.0;57.356;47.66573;9.16874;442.7;NaN;29.3;3.790092;105.4;15 / 21;60008;2022-01-19 18:51:48:851
0.7835;7.8985;2.6366;1.804;7.8204;5.6353;1.2702;-1.6379;-1.796;0.0439;0.2099;-0.2786;0.6225;-26.98;-38.01;-9.88;109.27;-54.24;-17.17;0.0;59.466;47.66571;9.168847;443.04;NaN;28.55;3.790092;103.2;15 / 21;60508;2022-01-19 18:51:49:351
-2.3182;11.877;6.3758;-1.0829;7.2607;6.5023;-1.5908;1.0444;0.0475;0.7714;-1.0473;0.7269;0.6225;-14.42;-37.46;-24.41;126.3;-42.02;11.82;0.0;61.655;47.66571;9.168847;443.04;NaN;28.55;3.790092;103.2;15 / 21;61008;2022-01-19 18:51:49:851
-0.9601;7.7596;5.6647;-0.9864;6.8962;6.9022;0.3074;1.0927;-1.5059;-2.1381;1.4462;-1.2734;0.6225;-17.74;-40.89;-17.49;112.18;-56.58;-9.67;0.0;56.428;47.665703;9.168953;443.26;NaN;28.04;3.790092;99.6;14 / 21;61508;2022-01-19 18:51:50:351
4.279;6.945;2.5911;2.1904;8.2234;4.8732;1.8392;0.245;-5.1843;-0.2341;0.3608;-0.1796;0.6225;-27.62;-35.68;-4.22;123.8;-50.34;-3.63;0.0;57.811;47.665703;9.168953;443.26;NaN;28.04;3.790092;99.6;14 / 21;62008;2022-01-19 18:51:50:851
-0.2867;6.1447;11.1402;-0.8935;6.9769;6.8333;-1.3508;1.7036;4.0491;1.0607;-1.0124;0.486;0.6225;-15.56;-36.98;-22.52;123.39;-43.71;10.51;0.0;61.198;47.665688;9.169055;443.6;NaN;28.01;3.790092;98.9;14 / 21;62507;2022-01-19 18:51:51:350
-1.6789;9.0267;8.8047;-0.7846;6.898;6.9263;0.0562;1.5623;1.5423;-2.0401;1.353;-0.9839;0.6225;-17.4;-37.37;-17.31;115.81;-55.98;-18.91;0.0;58.046;47.665688;9.169055;443.6;NaN;28.01;3.790092;98.9;14 / 21;63008;2022-01-19 18:51:51:851
3.0861;8.4276;1.0361;1.5325;8.4025;4.8186;1.0854;-0.2978;-2.5599;-0.3493;0.1089;-0.1563;0.6225;-27.79;-39.62;-7.01;107.27;-58.96;-17.64;0.0;59.809;47.665672;9.169155;443.48;NaN;27.0;3.790092;104.6;14 / 21;63508;2022-01-19 18:51:52:351
-1.6598;7.1341;9.4158;-1.3447;6.2039;7.4749;0.65;-1.6107;-1.9815;-0.5161;-0.0449;-0.1148;0.6225;-17.93;-39.62;-20.44;106.83;-55.65;-4.41;0.0;62.621;47.665672;9.169155;443.48;NaN;27.0;3.790092;104.6;14 / 21;64008;2022-01-19 18:51:52:851
-1.2115;5.6731;6.2872;-1.3262;6.1578;7.5162;0.356;0.9007;1.2065;0.1154;-0.0828;0.0997;0.6225;-13.63;-34.63;-22.72;129.28;-38.9;10.01;0.0;63.376;47.665657;9.169257;444.57;NaN;27.9;3.790092;102.0;14 / 21;64508;2022-01-19 18:51:53:351
-0.9313;5.9005;7.0324;-1.0382;6.3277;7.4197;-0.2679;0.0406;-0.224;-0.0192;-0.0031;0.0254;0.6225;-14.85;-37.14;-24.07;128.88;-39.62;8.09;0.0;62.013;47.665657;9.169257;444.57;NaN;27.9;3.790092;102.0;14 / 21;65007;2022-01-19 18:51:53:850
-1.4198;6.684;7.1928;-0.5144;6.2972;7.5;-0.0871;-0.0756;0.6252;0.1149;-0.1121;0.145;0.6225;-16.44;-41.21;-21.09;136.21;-40.26;5.85;0.0;62.456;47.66565;9.169352;444.25;NaN;23.8;3.790092;97.3;12 / 21;65508;2022-01-19 18:51:54:351
-0.5818;7.1245;9.5954;0.7177;6.5157;7.2939;-1.7784;0.0764;0.8317;0.1181;0.2553;0.4964;0.6225;-21.71;-37.97;-22.99;120.56;-41.78;-2.74;0.0;58.949;47.66565;9.169352;444.25;NaN;23.8;3.790092;97.3;12 / 21;66007;2022-01-19 18:51:54:850
-1.3408;7.1413;8.8526;0.9265;6.7583;7.0454;-1.479;-0.0994;0.9754;0.0477;0.3513;0.4001;0.0;-27.53;-30.77;-22.24;101.17;-43.56;-7.49;0.0;59.716;47.66566;9.169435;444.52;NaN;21.64;3.790092;87.2;12 / 21;66508;2022-01-19 18:51:55:351
-1.0511;6.9881;7.8751;0.8717;6.8543;6.9591;-1.826;-0.5501;0.1205;0.0704;0.1426;0.3583;0.0;-29.34;-27.41;-24.38;91.81;-43.77;-6.19;0.0;60.696;47.66566;9.169435;444.52;NaN;21.64;3.790092;87.2;12 / 21;67008;2022-01-19 18:51:55:851
-1.257;6.5326;8.1989;1.1262;7.0022;6.7728;-1.4607;-0.6418;0.9897;-7.0E-4;0.566;0.341;0.0;-29.53;-21.88;-29.36;71.03;-45.56;-9.44;0.0;61.85;47.66568;9.169519;445.4;NaN;23.62;3.790092;58.6;15 / 21;67508;2022-01-19 18:51:56:351
1.3898;10.3154;10.2687;0.5408;7.2342;6.5988;-2.0645;-3.0309;-3.0146;0.9628;-0.8626;0.7158;0.0;-31.31;-20.33;-31.18;70.21;-39.62;-0.95;0.0;63.87;47.66568;9.169519;445.4;NaN;23.62;3.790092;58.6;15 / 21;68007;2022-01-19 18:51:56:850
0.7189;6.8516;9.2841;1.6138;8.4232;4.7556;-0.2774;-1.7094;-3.2157;-0.9742;0.7381;-0.5371;0.0;-28.93;-22.67;-32.48;20.66;-59.83;-29.64;0.0;60.093;47.665726;9.169562;446.36;NaN;23.04;3.790092;21.1;15 / 21;68508;2022-01-19 18:51:57:351
0.9996;5.5797;8.6778;-0.4406;5.804;7.8924;0.1923;-1.1048;-0.7686;1.2469;-0.9951;0.614;0.0;-18.84;-6.11;-41.76;54.15;-31.88;4.73;0.0;65.549;47.665726;9.169562;446.36;NaN;23.04;3.790092;21.1;15 / 21;69008;2022-01-19 18:51:57:851
-4.4909;5.3876;24.2365;-0.6658;7.3021;6.5121;2.449;-1.3685;-3.6469;-4.462;1.269;-0.7591;0.0;-12.08;-11.42;-41.74;35.34;-48.13;5.84;0.0;63.14;47.665775;9.169597;447.56;NaN;24.88;3.790092;17.4;15 / 20;69508;2022-01-19 18:51:58:351
1.2917;11.1085;18.2384;0.7126;6.791;7.0388;1.2753;1.4926;9.3292;2.2484;-0.2598;0.5558;0.0;-8.17;-2.66;-42.0;64.47;-20.21;18.67;0.0;57.866;47.665775;9.169597;447.56;NaN;24.88;3.790092;17.4;15 / 20;70007;2022-01-19 18:51:58:850
-0.5818;6.3913;10.5201;-0.8946;6.2099;7.5371;4.0166;1.2776;0.8498;0.4013;0.3652;-0.0442;0.0;-10.2;-6.73;-42.11;36.31;-39.29;6.77;0.0;58.42;47.66584;9.169617;447.67;NaN;22.68;3.854805;8.4;17 / 20;70508;2022-01-19 18:51:59:351
0.5991;9.4266;2.5265;1.3042;7.9583;5.5799;1.8813;-2.0057;-4.8213;0.2604;-0.4763;-0.0908;0.0;-19.5;-21.73;-32.7;64.11;-49.47;2.9;0.0;59.908;47.66584;9.169617;447.67;NaN;22.68;3.854805;8.4;17 / 20;71008;2022-01-19 18:51:59:851
-0.7542;8.7412;8.1223;-1.7602;6.8071;6.8363;-0.096;0.8976;1.7665;0.7695;-0.5631;1.1486;0.0;-8.96;-14.64;-40.11;47.32;-42.37;9.79;0.0;63.217;47.665897;9.169636;446.62;NaN;22.57;3.790092;9.1;17 / 20;71508;2022-01-19 18:52:00:351
2.6881;6.9426;2.9119;-0.1724;8.3024;5.2164;2.1819;0.1698;-1.4991;-0.1848;0.2355;-0.478;0.0;-19.31;-24.84;-31.93;40.32;-59.71;-7.87;0.0;55.682;47.665897;9.169636;446.62;NaN;22.57;3.790092;9.1;17 / 20;72007;2022-01-19 18:52:00:850
0.2544;4.9063;5.6066;-0.187;7.726;6.0369;-1.4318;-0.4946;2.7634;1.3208;-1.2212;0.7704;0.0;-10.71;-14.31;-40.07;54.9;-46.17;16.95;0.0;63.17;47.66595;9.169664;447.81;NaN;22.68;3.913353;17.0;17 / 20;72507;2022-01-19 18:52:01:350
-0.0688;7.68;6.3949;-0.6728;7.7537;5.9664;1.8653;0.0626;-2.5424;-1.0076;0.7519;-0.4293;0.0;-9.94;-19.86;-34.95;13.99;-57.74;-8.15;0.0;56.907;47.66595;9.169664;447.81;NaN;22.68;3.913353;17.0;17 / 20;73008;2022-01-19 18:52:01:851
1.9267;7.9727;3.0245;0.6788;8.5556;4.7447;1.7263;-0.7275;-1.8428;1.1797;-0.9525;0.4816;0.0;-17.12;-24.3;-29.96;60.74;-54.66;1.97;0.0;59.805;47.665993;9.169703;449.46;NaN;20.38;4.763203;25.0;17 / 20;73508;2022-01-19 18:52:02:351
-3.1687;8.09;9.4373;-2.4403;6.6537;6.7782;0.9256;1.9238;5.1158;0.543;-0.036;0.1706;0.0;-5.74;-16.91;-42.19;37.87;-57.25;16.94;0.0;63.171;47.665993;9.169703;449.46;NaN;20.38;4.763203;25.0;17 / 20;74008;2022-01-19 18:52:02:851
-0.2867;7.75;2.7108;0.3618;8.4559;4.9535;1.2126;-2.3816;-1.8444;-0.1756;0.5343;-0.7925;0.0;-15.94;-20.7;-30.45;33.48;-59.47;-8.79;0.0;55.381;47.666046;9.169727;450.13;NaN;19.84;4.507977;29.1;17 / 20;74508;2022-01-19 18:52:03:351
-3.286;11.0313;11.8232;0.0753;7.8834;5.8324;-3.3165;-0.5783;3.2846;0.1373;-1.3082;0.4907;0.0;-6.75;-16.89;-41.23;57.91;-43.82;19.74;0.0;60.134;47.666046;9.169727;450.13;NaN;19.84;4.507977;29.1;17 / 20;75008;2022-01-19 18:52:03:851
-1.2594;7.0192;10.4962;0.6088;8.2303;5.2973;1.4808;0.2706;-2.5105;-1.8994;1.3869;-0.6498;0.0;-10.84;-18.71;-41.14;14.08;-57.06;-6.56;0.0;56.878;47.66611;9.169773;449.31;NaN;24.05;4.447677;21.5;17 / 20;75507;2022-01-19 18:52:04:350
2.1255;4.7028;2.7587;0.9717;8.2971;5.1365;0.6705;-0.0799;-2.7874;0.2344;0.0642;-0.2771;0.0;-10.09;-20.16;-35.1;44.06;-47.95;2.94;0.0;54.953;47.66611;9.169773;449.31;NaN;24.05;4.447677;21.5;17 / 20;76008;2022-01-19 18:52:04:851
-1.6861;6.2189;6.0454;-1.9332;6.8684;6.7274;-0.7733;0.1375;-1.2852;0.7294;-0.365;0.6796;0.0;-10.59;-13.05;-41.93;57.66;-40.49;16.5;0.0;60.249;47.6662;9.169804;450.63;NaN;31.0;4.867061;16.8;15 / 20;76507;2022-01-19 18:52:05:350
1.409;8.2361;2.9862;1.3144;8.2001;5.2155;0.2374;-1.6193;-2.303;-0.147;0.8278;-0.2632;0.0;-22.8;-21.99;-33.39;38.4;-56.91;-12.66;0.0;56.834;47.6662;9.169804;450.63;NaN;31.0;4.867061;16.8;15 / 20;77008;2022-01-19 18:52:05:851
1.4832;6.8277;4.4209;0.924;7.8657;5.7834;-1.3406;-2.1029;2.3355;0.6566;-0.7743;0.4234;0.0;-18.86;-19.71;-38.61;63.92;-44.6;6.59;0.0;62.942;47.66627;9.169826;450.73;NaN;25.42;4.746491;18.9;16 / 20;77507;2022-01-19 18:52:06:350
-2.0237;7.9152;9.9593;-1.8587;6.1687;7.3934;0.2609;2.4811;3.2941;-0.0732;0.2096;0.0622;0.0;-10.63;-18.19;-43.69;43.6;-45.52;7.5;0.0;60.937;47.66627;9.169826;450.73;NaN;25.42;4.746491;18.9;16 / 20;78007;2022-01-19 18:52:06:850
2.6019;6.8492;2.9239;1.3026;8.2614;5.1209;0.7609;-2.6746;-2.058;-0.5724;0.9599;-0.9229;0.0;-22.01;-24.22;-33.41;32.56;-56.67;-16.4;0.0;60.358;47.666336;9.169831;450.21;NaN;25.45;5.299364;8.5;16 / 20;78508;2022-01-19 18:52:07:351
-0.9673;7.0815;6.5386;-1.5247;6.6828;7.0133;-0.5648;0.8553;0.5228;0.8298;-1.1996;0.5454;0.0;-8.92;-17.76;-43.29;63.15;-38.21;15.13;0.0;63.849;47.666336;9.169831;450.21;NaN;25.45;5.299364;8.5;16 / 20;79008;2022-01-19 18:52:07:851
-0.4573;7.8554;10.92;-0.7627;7.0149;6.8102;1.1221;0.7424;-2.9209;-0.8161;0.6839;-0.4407;0.0;-12.81;-20.74;-41.4;15.09;-55.99;-9.12;0.0;56.593;47.6664;9.169876;451.26;NaN;26.93;4.913233;13.5;16 / 20;79508;2022-01-19 18:52:08:351
2.4295;6.3243;3.4584;1.5097;7.9872;5.486;-1.6642;-1.6329;2.0655;0.253;-0.5214;0.2937;0.0;-21.96;-24.81;-34.71;71.38;-47.18;2.57;0.0;57.186;47.6664;9.169876;451.26;NaN;26.93;4.913233;13.5;16 / 20;80008;2022-01-19 18:52:08:851
-1.075;7.6034;9.5451;-1.2256;6.5246;7.2179;-0.4145;0.4064;2.0018;0.4907;-0.4651;0.7829;0.0;-11.62;-17.23;-41.94;54.36;-41.71;9.64;0.0;64.28;47.66646;9.169928;452.96;NaN;30.17;5.160997;24.0;17 / 21;80508;2022-01-19 18:52:09:351
3.0478;6.945;2.4475;0.9379;8.0581;5.5098;2.0966;-0.9668;-2.9035;0.2264;0.4079;-0.2595;0.0;-22.22;-21.84;-34.35;24.98;-57.0;-18.94;0.0;54.783;47.66646;9.169928;452.96;NaN;30.17;5.160997;24.0;17 / 21;81008;2022-01-19 18:52:09:851
-0.8595;7.5507;9.3009;-0.5462;6.3197;7.4788;-0.8471;1.6547;2.3361;0.3521;-0.6149;0.4264;0.0;-12.36;-11.44;-40.65;48.03;-38.74;7.95;0.0;64.319;47.66653;9.16994;452.97;NaN;25.96;5.108004;20.4;18 / 21;81508;2022-01-19 18:52:10:351
-0.2532;5.9245;7.2095;-0.9442;6.0631;7.6497;0.1017;0.7038;1.3796;0.212;0.1021;0.0144;0.0;-9.58;-13.05;-40.87;46.78;-38.6;7.55;0.0;62.115;47.66653;9.16994;452.97;NaN;25.96;5.108004;20.4;18 / 21;82008;2022-01-19 18:52:10:851
-0.3974;6.2668;8.1678;-1.4811;5.8617;7.7212;0.5803;0.3557;-0.7164;-0.0306;-0.1834;-0.0912;0.0;-8.91;-11.96;-43.07;49.23;-36.71;10.86;0.0;61.901;47.6666;9.16996;453.42;NaN;25.34;4.763329;8.7;18 / 21;82508;2022-01-19 18:52:11:351
-0.5076;5.8814;7.8997;-1.3279;5.7924;7.801;0.8119;0.5592;-0.0641;0.1628;-0.1664;-0.0037;0.0;-8.17;-12.92;-42.92;49.56;-36.19;10.8;0.0;62.443;47.6666;9.16996;453.42;NaN;25.34;4.763329;8.7;18 / 21;83007;2022-01-19 18:52:11:850
-0.8212;6.3386;8.254;-0.842;5.8366;7.8355;0.3933;0.0407;0.7122;0.0153;0.0248;0.0194;0.0;-11.01;-13.67;-42.54;49.01;-36.52;6.13;0.0;63.642;47.666656;9.16998;452.42;NaN;23.83;4.560472;10.3;18 / 21;83509;2022-01-19 18:52:12:352
-0.6728;5.7521;7.4537;-0.8292;5.8575;7.8213;0.3865;0.0766;0.2412;-0.0173;-0.0184;0.0084;0.0;-9.96;-15.11;-43.5;49.18;-36.34;6.22;0.0;59.163;47.666656;9.16998;452.42;NaN;23.83;4.560472;10.3;18 / 21;84008;2022-01-19 18:52:12:851
-0.4214;5.7233;9.4326;-0.6181;5.6271;8.0078;0.1665;-0.2909;0.5392;-0.0513;-0.0035;0.0935;0.0;-11.44;-13.82;-44.7;46.91;-35.19;4.91;0.0;60.737;47.66672;9.169989;451.57;NaN;22.79;4.294171;0.4;18 / 21;84507;2022-01-19 18:52:13:350
-1.0463;6.854;9.9569;-0.3205;5.6195;8.0305;-0.1687;-0.5583;1.1304;0.1387;0.0895;0.1868;0.0;-12.06;-12.54;-44.53;43.99;-35.58;3.37;0.0;58.487;47.66672;9.169989;451.57;NaN;22.79;4.294171;0.4;18 / 21;85008;2022-01-19 18:52:13:851
-0.5698;6.5541;8.0146;-0.1281;5.7582;7.937;-0.3241;-0.6494;-0.3601;0.0866;0.0248;0.0507;0.0;-12.45;-13.78;-43.76;42.51;-35.79;1.33;0.0;59.066;47.66677;9.170007;451.33;NaN;20.27;3.979645;1.5;18 / 21;85508;2022-01-19 18:52:14:351
-0.5507;6.049;10.0072;0.1575;5.7975;7.9079;-0.9886;-0.0057;-1.0048;-0.0489;0.0656;0.353;0.0;-12.34;-12.52;-43.44;38.73;-36.09;-0.13;0.0;63.036;47.66677;9.170007;451.33;NaN;20.27;3.979645;1.5;18 / 21;86007;2022-01-19 18:52:14:850
0.7937;7.8338;7.8608;1.4569;7.134;6.5692;-2.3832;1.4441;1.4591;1.0148;-0.4864;0.8911;0.0;-12.19;-17.59;-42.04;23.03;-43.2;-6.76;0.0;63.583;47.66682;9.170001;450.3;NaN;18.32;3.790092;358.2;17 / 21;86508;2022-01-19 18:52:15:351
1.6628;7.2083;2.6893;2.5424;8.1788;4.7764;0.3163;-0.7272;-0.4671;-0.0864;0.1925;-0.0023;0.0;-18.83;-25.39;-37.05;355.0;-57.03;-29.75;0.0;53.773;47.66682;9.170001;450.3;NaN;18.32;3.790092;358.2;17 / 21;87007;2022-01-19 18:52:15:850
-1.5999;9.666;8.6155;-1.0946;6.4715;7.2864;-0.9597;0.1787;-0.3699;0.4156;-0.5308;0.745;0.0;2.06;-12.73;-43.99;10.08;-40.26;6.87;0.0;61.249;47.666866;9.16996;449.84;NaN;19.55;3.790092;343.6;16 / 21;87507;2022-01-19 18:52:16:350
3.3686;9.3356;4.0354;2.9531;8.4789;3.9443;3.2908;4.0754;-1.7494;0.206;0.2433;0.0871;0.0;-12.71;-28.48;-37.65;10.51;-51.52;-15.19;0.0;59.425;47.666866;9.16996;449.84;NaN;19.55;3.790092;343.6;16 / 21;88008;2022-01-19 18:52:16:851
-1.7412;6.1926;13.7948;0.0931;5.3321;8.2299;-2.8979;0.733;6.488;-0.1433;0.2011;0.2378;0.0;0.58;-7.39;-44.85;338.69;-46.07;-12.1;0.0;62.813;47.66691;9.169909;449.3;NaN;19.01;3.790092;310.3;16 / 21;88508;2022-01-19 18:52:17:351
6.6553;9.5487;17.1724;1.9448;7.0659;6.5162;-0.9686;-0.9583;4.8757;1.1129;-0.5646;0.926;0.0;-9.23;-23.96;-40.07;354.76;-39.04;-6.85;0.0;63.433;47.66691;9.169909;449.3;NaN;19.01;3.790092;310.3;16 / 21;89008;2022-01-19 18:52:17:851
0.4411;5.7928;10.3765;-0.0515;4.9183;8.484;-0.1516;1.6314;3.7941;-0.8224;0.7008;0.3832;0.0;5.81;-14.42;-43.71;330.59;-34.67;-2.01;0.0;63.102;47.666935;9.169839;448.37;NaN;20.34;3.790092;288.5;16 / 21;89508;2022-01-19 18:52:18:351
2.9467;7.8195;12.7551;1.6169;6.9607;6.716;1.5152;-1.7009;1.7499;1.4531;-1.1042;0.6108;0.0;3.66;-27.26;-38.14;313.88;-38.68;-0.26;0.0;62.955;47.666935;9.169839;448.37;NaN;20.34;3.790092;288.5;16 / 21;90007;2022-01-19 18:52:18:850
0.1203;6.3027;10.4076;-0.5497;4.9296;8.4598;0.2819;2.1552;2.7144;-0.3181;0.6309;-0.2346;0.0;16.59;-9.71;-41.32;311.09;-30.18;3.72;0.0;64.555;47.66696;9.169766;448.01;NaN;20.63;3.877947;280.1;17 / 21;90508;2022-01-19 18:52:19:351
3.9025;5.4719;11.9548;1.5805;7.4587;6.1677;1.7598;-1.4914;3.8821;0.7161;0.2312;0.2427;0.0;13.13;-18.83;-37.67;287.82;-29.2;7.25;0.0;65.861;47.66696;9.169766;448.01;NaN;20.63;3.877947;280.1;17 / 21;91008;2022-01-19 18:52:19:851
3.0789;4.2114;11.8902;-0.2263;4.758;8.5721;1.7984;1.073;3.0224;-0.088;1.0489;-0.1814;0.0;15.15;-9.69;-40.37;307.89;-29.02;1.51;0.0;64.27;47.666977;9.169692;449.11;NaN;20.3;3.915998;284.3;17 / 21;91507;2022-01-19 18:52:20:350
4.4873;6.2453;3.2735;1.2524;6.412;7.3136;2.4718;2.1837;7.2943;2.065;-0.5024;0.1984;0.0;6.47;-24.94;-38.42;257.75;-32.4;5.31;0.0;64.59;47.666977;9.169692;449.11;NaN;20.3;3.915998;284.3;17 / 21;92008;2022-01-19 18:52:20:851
0.9182;3.8211;9.0926;-1.2752;4.3038;8.719;-0.6434;2.9652;3.2059;-0.3158;0.3296;0.4407;0.0;18.19;-10.84;-40.74;317.17;-41.9;0.23;0.0;63.496;47.666996;9.169604;450.81;NaN;23.26;3.790092;285.1;17 / 21;92508;2022-01-19 18:52:21:351
4.394;4.9255;-3.0382;1.7782;7.9537;5.4541;2.3819;-4.2396;-7.2834;-0.3157;0.1126;-0.5461;0.0;9.02;-25.72;-37.86;284.42;-38.53;-3.63;0.0;64.042;47.666996;9.169604;450.81;NaN;23.26;3.790092;285.1;17 / 21;93009;2022-01-19 18:52:21:852
-1.6263;3.8164;4.2246;-0.9067;4.4076;8.7133;0.3553;2.0785;1.0914;1.4628;-0.0269;-0.1252;0.0;20.12;-12.62;-38.31;294.46;-31.52;0.64;0.0;64.133;47.667004;9.169517;451.64;NaN;24.37;3.790092;279.4;17 / 21;93507;2022-01-19 18:52:22:350
1.6149;2.8461;1.3551;1.8017;7.8244;5.6305;2.5405;-2.8592;-5.9329;-0.2574;0.4301;-0.2478;0.0;6.73;-30.09;-32.98;274.51;-45.66;-11.99;0.0;63.278;47.667004;9.169517;451.64;NaN;24.37;3.790092;279.4;17 / 21;94008;2022-01-19 18:52:22:851
3.4213;4.7268;10.829;-1.3861;4.8936;8.3846;-0.1126;-0.6946;-1.6258;0.9425;-1.0114;0.806;0.0;21.17;-13.44;-34.74;284.84;-26.09;5.88;0.0;66.278;47.667007;9.169414;453.0;NaN;23.04;3.815363;286.5;17 / 21;94507;2022-01-19 18:52:23:350
0.6829;4.5831;0.7272;1.0582;7.333;6.4248;0.3558;-3.2179;-5.2492;-0.5015;0.3249;-0.9389;0.0;10.2;-31.09;-33.69;276.57;-49.75;-17.96;0.0;63.479;47.667007;9.169414;453.0;NaN;23.04;3.815363;286.5;17 / 21;95008;2022-01-19 18:52:23:851
2.0919;4.971;10.422;0.9435;6.2257;7.5181;2.0683;1.121;6.3351;0.9931;-1.1809;0.4297;0.0;17.72;-19.22;-35.14;284.98;-32.64;6.07;0.0;65.958;47.667015;9.169325;452.03;NaN;24.41;3.928968;279.4;17 / 21;95507;2022-01-19 18:52:24:350
3.9265;11.8172;7.7387;1.4831;7.873;5.6557;-0.7237;-0.0898;1.9231;0.3189;0.1459;0.094;0.0;10.2;-30.73;-32.23;282.48;-52.05;-13.0;0.0;65.299;47.667015;9.169325;452.03;NaN;24.41;3.928968;279.4;17 / 21;96007;2022-01-19 18:52:24:850
2.3721;8.0709;5.2355;1.5686;8.1693;5.1935;0.48;0.3556;-0.2585;0.0292;-0.4294;-0.1229;0.0;9.6;-34.56;-29.01;275.58;-55.88;-14.08;0.0;61.809;47.667027;9.169245;451.49;NaN;21.17;4.53409;281.1;17 / 21;96508;2022-01-19 18:52:25:351
2.08;6.9737;4.112;2.6023;7.8577;5.2588;0.5593;-0.2843;-1.1232;-0.3391;-0.2141;-0.12;0.0;4.13;-33.98;-32.76;284.22;-55.36;-23.49;0.0;61.939;47.667027;9.169245;451.49;NaN;21.17;4.53409;281.1;17 / 21;97008;2022-01-19 18:52:25:851
4.0175;5.8646;8.2756;2.7833;7.5174;5.649;1.9773;0.0405;0.6406;0.1085;0.1509;-0.1181;0.0;3.75;-31.29;-36.32;280.75;-50.29;-26.16;0.0;61.565;47.667046;9.16917;450.01;NaN;19.91;5.760679;286.4;17 / 21;97508;2022-01-19 18:52:26:351
5.8646;8.6095;7.2933;2.4624;7.6544;5.614;2.594;-1.0214;-0.8424;-0.2873;-0.126;-0.1282;0.0;6.21;-31.8;-32.98;276.92;-52.51;-24.66;0.0;58.291;47.667046;9.16917;450.01;NaN;19.91;5.760679;286.4;17 / 21;98008;2022-01-19 18:52:26:851
1.476;6.6816;4.8836;1.5686;7.5449;6.0649;1.5019;-0.0137;-0.5973;-0.3503;-0.3852;-0.2324;0.0;7.33;-26.46;-37.22;303.32;-52.15;-15.16;0.0;52.443;47.667076;9.169163;449.15;NaN;10.8;5.995725;336.5;17 / 21;98509;2022-01-19 18:52:27:352
3.5099;9.3547;7.8392;1.2175;7.1378;6.6136;3.4293;2.3835;1.0985;0.2334;-0.4334;-0.3001;0.0;7.97;-19.99;-45.77;317.37;-46.64;-10.93;0.0;49.858;47.667076;9.169163;449.15;NaN;10.8;5.995725;336.5;17 / 21;99007;2022-01-19 18:52:27:850
2.2571;4.7938;10.2328;0.327;7.142;6.7124;3.3044;-0.7308;-3.8594;-2.0129;0.4214;-1.2;0.0;12.38;-3.94;-46.52;335.29;-46.74;-2.79;0.0;61.969;47.66711;9.169114;450.2;NaN;14.51;6.005722;332.3;17 / 21;99513;2022-01-19 18:52:28:356
1.8711;6.9641;12.132;0.5245;5.6045;8.0303;1.6185;0.2579;1.0024;1.9562;-1.4722;0.4425;0.0;3.43;-2.87;-45.84;9.12;-25.88;7.2;0.0;62.022;47.66711;9.169114;450.2;NaN;14.51;6.005722;332.3;17 / 21;100008;2022-01-19 18:52:28:851
0.9852;8.2361;12.6857;1.5168;7.3436;6.3199;1.7296;-0.6509;-2.9218;-1.9693;0.4301;-0.9789;0.0;-11.16;-18.22;-41.14;341.11;-54.48;-25.92;0.0;63.852;47.667156;9.169093;450.22;NaN;16.16;5.943606;358.4;17 / 21;100507;2022-01-19 18:52:29:350
0.3765;6.3003;9.3488;0.7711;4.7581;8.5403;-0.9724;-0.2997;-1.3671;1.9206;-1.578;0.0851;0.0;-6.67;-0.47;-43.14;25.45;-26.34;2.68;0.0;64.854;47.667156;9.169093;450.22;NaN;16.16;5.943606;358.4;17 / 21;101008;2022-01-19 18:52:29:851
1.634;5.8023;2.5887;3.4112;7.5557;5.2389;-1.3396;-3.299;-4.4278;-2.9535;0.7542;-0.6996;0.0;-24.19;-18.81;-34.16;351.5;-50.45;-39.32;0.0;62.535;47.66719;9.169109;449.84;NaN;18.32;5.52197;25.9;17 / 21;101508;2022-01-19 18:52:30:351
1.2007;5.3349;6.9055;3.1741;6.0637;7.0233;-1.4411;-1.2895;0.1798;1.059;-1.4455;0.3792;0.0;-18.34;-3.92;-41.44;37.55;-27.18;-7.66;0.0;62.455;47.66719;9.169109;449.84;NaN;18.32;5.52197;25.9;17 / 21;102008;2022-01-19 18:52:30:851
2.329;5.4139;14.0007;3.0428;7.1138;6.0255;-0.4442;-0.2551;-5.016;-2.2006;0.755;-0.5704;0.0;-22.39;-16.14;-36.06;344.89;-49.8;-39.37;0.0;61.216;47.667233;9.169106;449.37;NaN;16.99;6.162179;22.5;17 / 21;102508;2022-01-19 18:52:31:351
1.6245;10.6362;15.0188;2.1224;5.4957;7.8398;-3.2811;0.0832;-0.6311;1.7174;-1.0869;0.87;0.0;-21.15;-4.76;-40.56;42.57;-27.65;-8.69;0.0;63.169;47.667233;9.169106;449.37;NaN;16.99;6.162179;22.5;17 / 21;103008;2022-01-19 18:52:31:851
-1.8824;6.6098;20.3777;2.1716;6.4328;7.0763;0.6146;1.3008;-2.2543;-3.3667;1.1821;-0.9161;0.0;-19.82;-11.59;-42.97;339.52;-51.95;-38.13;0.0;59.454;47.66728;9.169111;449.13;NaN;22.28;5.444033;18.8;17 / 21;103508;2022-01-19 18:52:32:351
5.9508;5.2487;-2.9042;1.8017;5.7835;7.712;-1.8513;-1.8571;1.2286;2.5273;-0.1124;0.6627;0.0;-15.64;-8.21;-45.71;44.06;-27.62;-2.4;0.0;58.291;47.66728;9.169111;449.13;NaN;22.28;5.444033;18.8;17 / 21;104007;2022-01-19 18:52:32:850
-1.1971;4.5687;4.6896;-0.6105;3.5191;9.1331;-0.7983;2.1205;19.6;-1.5004;1.0975;-0.7788;0.0;-7.73;1.59;-44.51;354.16;-47.24;-14.55;0.0;58.738;47.667343;9.169112;449.64;NaN;25.81;5.230845;6.8;17 / 21;104507;2022-01-19 18:52:33:350
1.7154;6.2213;2.7324;2.9387;7.9777;4.8879;-1.483;-3.1306;-3.8639;-0.3559;0.4889;0.1209;0.0;-21.43;-20.14;-37.14;34.12;-46.65;-14.66;0.0;58.504;47.667343;9.169112;449.64;NaN;25.81;5.230845;6.8;17 / 21;105008;2022-01-19 18:52:33:851
-2.141;6.0681;11.1378;-0.5888;6.6964;7.1402;-3.774;0.4731;-5.616;1.5997;-1.1065;1.2896;0.0;-16.89;-15.88;-39.24;55.4;-43.07;4.71;0.0;60.514;47.6674;9.169124;449.48;NaN;24.26;5.773646;18.6;17 / 21;105507;2022-01-19 18:52:34:350
-0.0904;7.3759;4.9865;2.1644;8.3374;4.6877;-0.4406;1.6896;-3.1482;-1.8223;2.0857;-1.3114;0.0;-23.72;-24.19;-31.99;5.88;-57.31;-33.82;0.0;58.409;47.6674;9.169124;449.48;NaN;24.26;5.773646;18.6;17 / 21;106008;2022-01-19 18:52:34:851
7.7836;3.4548;-0.1688;1.933;8.07;5.2258;-0.5144;-3.4251;-5.6714;1.1719;-1.4118;0.567;0.0;-15.36;-21.81;-37.12;48.75;-46.53;-1.91;0.0;61.48;47.66746;9.16915;448.6;NaN;25.67;5.634181;17.1;18 / 21;106508;2022-01-19 18:52:35:351
-2.4331;7.5531;17.2802;-1.3205;5.9626;7.6729;-1.74;0.2307;-3.1524;2.0073;0.0481;0.298;0.0;-5.19;-11.33;-43.05;351.86;-51.85;-11.77;0.0;63.323;47.66746;9.16915;448.6;NaN;25.67;5.634181;17.1;18 / 21;107007;2022-01-19 18:52:35:850
-0.5004;8.9214;0.9834;1.9042;8.2752;4.9057;-0.4432;-0.3387;-2.3447;-0.7867;0.975;-0.7272;0.0;-19.99;-24.41;-33.32;19.26;-57.55;-21.21;0.0;57.174;47.667526;9.169161;448.91;NaN;26.64;5.953971;11.2;18 / 21;107507;2022-01-19 18:52:36:350
-0.5387;6.1854;5.4941;-1.8708;6.1511;7.405;-2.3608;2.7102;4.1816;0.7679;0.0316;0.433;0.0;-10.91;-13.86;-42.19;37.31;-40.26;10.81;0.0;63.681;47.667526;9.169161;448.91;NaN;26.64;5.953971;11.2;18 / 21;108008;2022-01-19 18:52:36:851
-2.5845;4.3096;14.3766;0.7593;7.725;5.9931;2.1762;-0.3142;-2.3826;-2.1302;1.4648;-1.155;0.0;-13.5;-20.85;-39.37;25.4;-51.97;-7.22;0.0;62.647;47.667587;9.169175;448.56;NaN;25.42;5.304347;7.4;18 / 21;108508;2022-01-19 18:52:37:351
7.4549;6.025;1.3599;2.4721;7.941;5.1962;1.8234;-1.9089;-0.1464;-7.0E-4;-0.0937;-0.2285;0.0;-22.35;-22.78;-34.71;37.94;-45.4;-4.2;0.0;61.952;47.667587;9.169175;448.56;NaN;25.42;5.304347;7.4;18 / 21;109007;2022-01-19 18:52:37:850
-1.1349;5.8502;10.8745;-1.4237;5.992;7.6315;-1.128;-0.7812;2.5853;-0.4682;0.5972;-0.0109;0.0;-3.22;-10.31;-43.2;31.65;-37.66;10.57;0.0;61.664;47.667656;9.169197;447.45;NaN;26.06;5.209764;16.7;18 / 21;109508;2022-01-19 18:52:38:351
2.1925;10.0353;3.1202;1.3415;7.4934;6.1823;0.7288;-2.995;-2.4282;0.2443;0.7371;-0.8096;0.0;-19.26;-20.31;-35.66;25.4;-51.95;-15.07;0.0;61.274;47.667656;9.169197;447.45;NaN;26.06;5.209764;16.7;18 / 21;110008;2022-01-19 18:52:38:851
0.0317;3.7804;5.5803;0.115;6.3917;7.4366;-1.6006;-1.6298;-0.0234;2.343;-1.5177;0.8747;0.0;-10.03;-12.58;-41.18;59.76;-37.64;15.83;0.0;63.299;47.667717;9.169229;449.03;NaN;25.99;5.117733;15.2;18 / 21;110508;2022-01-19 18:52:39:351
-5.9496;9.101;14.7028;1.4213;8.0222;5.4584;1.9656;-1.2023;-2.7204;-2.8612;1.5056;-1.12;0.0;-10.05;-19.63;-40.73;32.26;-55.03;-21.56;0.0;58.859;47.667717;9.169229;449.03;NaN;25.99;5.117733;15.2;18 / 21;111008;2022-01-19 18:52:39:851
2.791;5.7018;3.705;1.3757;7.6348;5.999;-0.9095;-0.9123;0.6405;-0.1991;-0.2802;0.0644;0.0;-22.05;-23.42;-33.41;44.26;-51.13;-12.92;0.0;60.51;47.667774;9.169267;447.62;NaN;25.85;5.002719;15.6;18 / 21;111507;2022-01-19 18:52:40:350
-3.732;6.8732;13.0376;-1.1068;5.9491;7.7171;-1.6292;1.176;2.4999;0.5814;-0.0907;0.1925;0.0;-10.61;-15.84;-42.19;50.22;-40.41;4.74;0.0;61.133;47.667774;9.169267;447.62;NaN;25.85;5.002719;15.6;18 / 21;112008;2022-01-19 18:52:40:851
1.3515;8.1954;2.0542;2.9752;7.6619;5.3492;-0.3876;0.391;0.5945;-0.2606;0.9102;-0.6876;0.0;-25.8;-21.79;-29.91;26.09;-51.38;-29.08;0.0;59.386;47.66783;9.1693;447.29;NaN;24.44;5.436323;19.6;18 / 21;112507;2022-01-19 18:52:41:350
-1.4222;7.036;9.7486;0.7374;6.6039;7.2122;-2.8276;0.2709;2.5114;0.7137;-1.3662;1.1454;0.0;-19.65;-15.84;-34.67;67.55;-36.6;6.87;0.0;63.353;47.66783;9.1693;447.29;NaN;24.44;5.436323;19.6;18 / 21;113008;2022-01-19 18:52:41:851
-0.1383;7.999;9.4158;0.5911;7.3639;6.4493;-0.1117;-0.4868;-5.3373;-1.8868;1.7442;-1.0307;0.0;-12.08;-14.89;-34.93;27.13;-48.67;-5.24;0.0;59.446;47.66788;9.169318;448.6;NaN;21.78;5.965984;7.7;18 / 21;113508;2022-01-19 18:52:42:351
4.7196;5.2654;2.9239;1.8003;7.578;5.9584;-0.0709;-2.3389;0.3245;1.5305;-1.1176;0.5551;0.0;-20.01;-20.04;-30.81;59.56;-37.43;6.5;0.0;56.134;47.66788;9.169318;448.6;NaN;21.78;5.965984;7.7;18 / 21;114008;2022-01-19 18:52:42:851
-3.5039;7.7045;7.8129;-2.7609;5.2991;7.7761;-0.5405;2.336;5.91;0.751;-0.1871;0.2095;0.0;-0.28;-13.07;-44.19;52.08;-32.71;19.55;0.0;63.176;47.667934;9.169348;448.98;NaN;23.51;6.675006;14.9;18 / 21;114507;2022-01-19 18:52:43:350
2.4152;5.2654;3.9061;1.0102;7.5607;6.1633;0.6541;-1.3615;-2.6239;-0.2141;1.0258;-0.7788;0.0;-22.05;-24.6;-34.41;49.38;-49.68;-13.27;0.0;55.493;47.667934;9.169348;448.98;NaN;23.51;6.675006;14.9;18 / 21;115008;2022-01-19 18:52:43:851
-1.2594;6.1854;8.9603;-0.8465;6.3901;7.3906;-2.1781;-0.8132;-2.0871;0.8156;-1.4658;0.8864;0.0;-10.26;-15.75;-41.16;64.26;-36.67;14.04;0.0;63.221;47.668007;9.169362;448.3;NaN;26.96;5.445303;9.5;18 / 21;115507;2022-01-19 18:52:44:350
-0.3807;4.9542;5.7916;0.055;7.5723;6.2312;1.9211;0.9418;-1.8407;-1.7262;0.3888;-0.5489;0.0;-17.1;-24.6;-32.16;36.14;-54.51;-11.81;0.0;60.677;47.668007;9.169362;448.3;NaN;26.96;5.445303;9.5;18 / 21;116007;2022-01-19 18:52:44:850
4.3557;3.1837;3.125;2.5611;8.0783;4.9348;1.1267;0.772;-2.7064;-0.1631;0.1393;0.0712;0.0;-24.71;-20.53;-32.57;17.84;-55.46;-27.43;0.0;62.922;47.668064;9.169406;448.91;NaN;25.38;4.843774;24.9;18 / 21;116507;2022-01-19 18:52:45:350
-2.0285;4.5256;4.6154;-0.8978;5.8246;7.8383;-2.5661;0.5297;5.5178;0.6156;0.3483;0.3458;0.0;-11.89;-8.59;-45.96;0.33;-52.04;-14.4;0.0;61.785;47.668064;9.169406;448.91;NaN;25.38;4.843774;24.9;18 / 21;117008;2022-01-19 18:52:45:851
0.9852;6.787;0.6339;2.0113;7.8326;5.5476;2.2868;-2.28;-1.3495;-0.1831;1.057;-1.0509;0.0;-20.1;-20.79;-38.91;14.0;-53.01;-19.93;0.0;58.133;47.668125;9.169419;450.01;NaN;25.2;4.462358;8.2;17 / 21;117507;2022-01-19 18:52:46:350
0.5058;8.339;6.5984;1.067;7.385;6.3635;-2.2417;-3.4763;-1.739;0.9112;-1.027;0.5466;0.0;-10.05;-12.11;-38.23;48.18;-38.58;7.49;0.0;62.053;47.668125;9.169419;450.01;NaN;25.2;4.462358;8.2;17 / 21;118008;2022-01-19 18:52:46:851
-2.0716;7.6968;7.8679;-3.2196;5.324;7.5802;0.2376;-0.2977;9.2701;-0.7816;1.4706;-0.5434;0.0;0.49;-12.9;-38.79;39.22;-39.35;16.59;0.0;59.643;47.668175;9.169437;450.44;NaN;28.76;4.219357;9.7;17 / 21;118508;2022-01-19 18:52:47:351
2.7623;4.6501;4.4065;0.5685;7.637;6.1256;2.8573;-1.9772;-6.1993;0.0164;0.1626;-0.8477;0.0;-13.37;-20.74;-32.21;76.92;-40.8;6.73;0.0;57.845;47.668175;9.169437;450.44;NaN;28.76;4.219357;9.7;17 / 21;119008;2022-01-19 18:52:47:851
0.1658;7.1772;7.0874;-0.9094;6.3966;7.3775;-3.9829;3.8644;0.9164;1.4687;-1.5606;0.6611;0.0;-12.67;-15.86;-39.37;55.64;-40.71;7.03;0.0;63.458;47.66825;9.169473;450.3;NaN;27.29;4.015129;15.4;17 / 21;119509;2022-01-19 18:52:48:352
-5.2457;15.8777;11.8423;1.1715;7.5777;6.1136;2.2521;-1.1261;-2.6133;-1.0979;0.9598;-0.545;0.0;-11.27;-13.56;-39.66;28.46;-55.37;-19.95;0.0;62.971;47.66825;9.169473;450.3;NaN;27.29;4.015129;15.4;17 / 21;120009;2022-01-19 18:52:48:852
-0.4932;3.5841;3.4129;-0.6245;5.5815;8.0391;0.4066;-0.442;3.1161;0.5415;0.2103;-0.045;0.0;-13.63;-15.81;-35.18;69.94;-34.69;4.44;0.0;62.231;47.66832;9.16949;449.67;NaN;27.22;3.790092;7.5;17 / 21;120507;2022-01-19 18:52:49:350
-1.7125;6.1639;6.5386;-1.2034;5.3819;8.1091;-1.2153;1.0267;2.9811;0.3473;0.0896;0.1411;0.0;-14.34;-7.95;-36.98;55.45;-33.94;7.4;0.0;64.473;47.66832;9.16949;449.67;NaN;27.22;3.790092;7.5;17 / 21;121007;2022-01-19 18:52:49:850
-2.1841;5.7329;8.9435;-1.3982;6.166;7.4964;-0.3485;3.0131;-2.7158;1.0688;-1.1973;0.4573;0.0;-9.49;-11.79;-43.2;61.01;-32.89;15.41;0.0;64.144;47.668377;9.16952;450.16;NaN;24.44;3.790092;21.0;17 / 21;121508;2022-01-19 18:52:50:351
1.7178;6.6266;5.0129;1.4115;7.612;6.0196;0.3911;-1.2189;-2.9087;-1.6672;1.2901;-1.0891;0.0;-22.97;-20.4;-35.72;29.02;-53.57;-16.61;0.0;55.058;47.668377;9.16952;450.16;NaN;24.44;3.790092;21.0;17 / 21;122008;2022-01-19 18:52:50:851
0.3142;3.0855;4.8285;-0.8964;5.4973;8.0713;-1.9818;0.2782;1.7292;-0.5881;0.4822;-0.1746;0.0;-5.01;-7.93;-47.21;27.82;-34.1;6.34;0.0;63.68;47.668434;9.16954;449.59;NaN;23.9;3.790092;12.9;17 / 21;122507;2022-01-19 18:52:51:350
-1.6382;5.5845;4.5167;-1.0141;4.8252;8.477;0.7554;-0.4741;-0.1075;-0.0663;-0.0666;0.0731;0.0;1.22;-9.45;-41.46;23.07;-30.59;9.11;0.0;65.055;47.668434;9.16954;449.59;NaN;23.9;3.790092;12.9;17 / 21;123008;2022-01-19 18:52:51:851
-4.9392;9.259;10.6303;-1.8995;4.8682;8.2984;1.9478;0.3434;0.6838;0.0052;-0.0097;-0.1457;0.0;1.01;-6.77;-36.98;28.77;-29.15;11.5;0.0;63.271;47.668495;9.169558;450.06;NaN;25.06;3.790092;7.1;17 / 21;123508;2022-01-19 18:52:52:351
1.6987;1.8064;5.9256;-1.1868;4.5495;8.6061;0.3461;0.3022;0.0688;0.237;0.081;0.0534;0.0;-3.81;-6.24;-38.42;28.05;-30.08;10.75;0.0;62.403;47.668495;9.169558;450.06;NaN;25.06;3.790092;7.1;17 / 21;124007;2022-01-19 18:52:52:850
-0.7805;2.803;9.9066;-0.8608;4.6258;8.6041;0.3692;1.4353;2.7939;-0.3779;0.2252;0.1818;0.0;-6.71;-6.94;-37.56;43.48;-28.14;5.71;0.0;61.183;47.668552;9.169574;450.27;NaN;22.54;3.790092;8.1;17 / 21;124508;2022-01-19 18:52:53:351
-3.0011;3.0592;9.095;-1.2304;4.4161;8.6692;-0.8295;0.705;-1.8646;-0.1675;-0.0961;0.0497;0.0;-5.85;-7.76;-39.53;49.92;-24.84;6.99;0.0;59.983;47.668552;9.169574;450.27;NaN;22.54;3.790092;8.1;17 / 21;125007;2022-01-19 18:52:53:850
0.4938;4.8201;17.4023;-1.5403;4.0819;8.7827;0.3081;-0.6467;-1.8347;-0.1806;-0.114;-0.1771;0.0;-6.17;-6.64;-38.96;53.99;-24.6;9.95;0.0;53.198;47.66861;9.16959;450.9;NaN;19.12;3.790092;11.5;16 / 21;125507;2022-01-19 18:52:54:350
1.3779;4.051;8.0625;-1.5118;3.8222;8.9037;1.6516;0.3014;0.0446;0.0418;-0.0306;-0.1389;0.0;-6.45;-6.62;-33.69;60.91;-24.32;11.03;0.0;54.118;47.66861;9.16959;450.9;NaN;19.12;3.790092;11.5;16 / 21;126008;2022-01-19 18:52:54:851
-0.9409;5.4672;13.9097;-1.8172;3.4467;8.9994;1.3975;-0.2767;-1.5112;0.3169;-0.1369;-0.4401;0.9;-5.31;-6.51;-31.35;71.1;-20.58;11.42;0.0;41.467;47.668644;9.169608;449.94;NaN;14.72;3.790092;20.9;16 / 21;126507;2022-01-19 18:52:55:350
0.0676;6.7511;12.6426;-1.4989;3.5735;9.0085;0.7024;0.2587;-0.4553;0.2511;-0.2296;-0.5768;2.4;-9.98;-9.41;-33.26;82.18;-20.1;9.87;0.0;38.456;47.668644;9.169608;449.94;NaN;14.72;3.790092;20.9;16 / 21;127007;2022-01-19 18:52:55:850
-0.5866;3.9049;9.1022;-0.7402;4.1684;8.8457;-1.1758;0.8135;-0.6095;0.2762;-0.0951;-0.3158;3.0;-14.96;-15.51;-31.74;97.62;-23.69;5.09;0.0;38.797;47.668644;9.169608;449.94;NaN;14.72;3.790092;20.9;16 / 21;127507;2022-01-19 18:52:56:350
-1.4293;5.1266;6.9845;0.1705;4.9627;8.4566;-0.9291;-0.4395;-1.5082;0.3976;-0.4306;0.0517;3.0;-18.11;-20.49;-30.58;101.95;-26.89;-0.33;0.0;43.604;47.668644;9.169608;449.94;NaN;14.72;3.790092;20.9;16 / 21;128007;2022-01-19 18:52:56:850
0.8655;5.8215;7.0276;0.6452;6.5324;7.2857;0.4961;-0.926;0.7405;0.7798;-0.6089;-0.194;0.8;-20.38;-25.69;-25.37;95.25;-41.77;-5.06;0.0;47.379;47.668644;9.169608;449.94;NaN;14.72;3.790092;20.9;16 / 21;128508;2022-01-19 18:52:57:351
0.1131;6.8037;6.1363;1.2721;7.6617;5.9876;0.344;-0.325;0.63;0.1485;-0.1667;-0.1254;0.0;-23.94;-30.82;-25.44;81.7;-50.54;-10.87;0.0;43.066;47.668644;9.169608;449.94;NaN;14.72;3.790092;20.9;16 / 21;129008;2022-01-19 18:52:57:851
0.8224;7.1437;6.1172;0.7159;8.2408;5.2675;0.5517;-1.2787;0.4655;0.3687;0.2493;-0.1409;0.0;-22.18;-31.65;-22.82;79.83;-54.4;-10.84;0.0;33.844;47.668644;9.169608;449.94;NaN;14.72;3.790092;20.9;16 / 21;129508;2022-01-19 18:52:58:351
2.9395;9.2662;5.1062;1.6499;8.3308;4.9036;-0.1617;0.754;-0.6153;0.0236;0.0807;0.6015;0.0;-22.86;-33.23;-22.65;74.58;-61.23;-4.57;0.0;40.293;47.668644;9.169608;449.94;NaN;14.72;3.790092;20.9;16 / 21;130007;2022-01-19 18:52:58:850
2.8102;8.4707;-0.6093;2.6271;8.9173;3.1226;-0.7784;-0.4625;2.2565;0.6158;-0.1638;0.282;0.0;-28.76;-32.03;-13.03;47.41;-65.41;-40.08;0.0;41.841;47.668644;9.169608;449.94;NaN;14.72;3.790092;20.9;16 / 21;130507;2022-01-19 18:52:59:350
2.9299;9.338;-1.1079;3.4409;9.1086;1.1681;3.9202;0.589;-0.4919;0.0374;-0.0357;-0.311;0.0;-31.05;-31.99;-8.81;13.65;-69.48;-65.72;0.0;44.907;47.668644;9.169608;449.94;NaN;14.72;3.790092;20.9;16 / 21;131007;2022-01-19 18:52:59:850
0.9134;12.0015;0.8182;1.0773;9.2424;3.0965;-1.2881;4.4934;-2.8328;-1.3973;-0.5972;-0.7658;0.0;-22.82;-35.48;-16.84;12.38;-75.45;-45.32;0.0;45.363;47.668644;9.169608;449.94;NaN;14.72;3.790092;20.9;16 / 21;131509;2022-01-19 18:53:00:352
0.8751;-5.8113;7.6405;-0.1152;-0.152;9.8048;-0.8338;-0.6344;-1.5961;-4.6845;-0.0937;-1.811;0.0;-17.91;-17.31;-37.28;90.25;-23.87;-4.32;0.0;38.752;47.668644;9.169608;449.94;NaN;14.72;3.790092;20.9;16 / 21;132009;2022-01-19 18:53:00:852
-0.5339;-2.6971;11.646;1.4081;-6.073;7.5701;1.4305;-2.2397;0.7454;1.6789;1.5492;-0.7796;0.0;-10.29;3.0;-42.37;174.95;38.26;-10.54;0.0;40.305;47.668644;9.169608;449.94;NaN;14.72;3.790092;20.9;16 / 21;132507;2022-01-19 18:53:01:350
-1.5975;-2.05;7.5735;-0.6324;-2.0448;9.5702;1.1533;-0.7529;-0.6999;0.1141;0.1109;-0.5447;0.0;7.82;-9.02;-41.12;193.82;11.48;3.28;5.0;34.828;47.668644;9.169608;449.94;NaN;14.72;3.790092;20.9;16 / 21;133009;2022-01-19 18:53:01:852
0.2616;-3.1376;9.7486;0.0764;-2.5366;9.4726;0.2724;-0.4311;0.9613;-0.4262;-0.0254;0.0972;0.0;7.63;-6.51;-43.09;205.04;14.99;-0.46;5.0;34.799;47.668644;9.169608;449.94;NaN;14.72;3.790092;20.9;16 / 21;133508;2022-01-19 18:53:02:351
-1.1851;-2.2464;9.3033;-1.7205;-2.553;9.3109;0.3564;0.2128;0.0693;-0.2386;1.1859;0.1059;0.0;8.14;-8.31;-41.85;205.47;12.13;0.1;5.0;33.153;47.668644;9.169608;449.94;NaN;14.72;3.790092;20.9;16 / 21;134008;2022-01-19 18:53:02:851
-4.0887;-2.7785;9.7869;-3.7092;-2.7615;8.6479;0.0259;0.0122;-0.1151;-0.0609;0.3888;-0.1356;0.0;22.69;-6.67;-35.59;200.49;16.36;23.22;5.0;31.006;47.668644;9.169608;449.94;NaN;14.72;3.790092;20.9;16 / 21;134507;2022-01-19 18:53:03:350
-5.1954;-1.0008;8.0146;-5.2189;-1.5749;8.1519;0.6415;-0.4464;0.3563;-0.4608;0.6747;0.4995;0.0;24.53;-10.82;-33.28;201.97;11.1;26.69;5.0;33.492;47.668644;9.169608;449.94;NaN;14.72;3.790092;20.9;16 / 21;135008;2022-01-19 18:53:03:851
-0.0449;-0.5842;10.9702;-2.3681;2.283;9.2385;-3.7303;-1.4775;-1.528;-0.2644;-1.5434;4.4428;0.0;2.85;-22.44;-36.19;141.3;-5.92;28.96;5.0;58.427;47.668644;9.169608;449.94;NaN;14.72;3.790092;20.9;16 / 21;135509;2022-01-19 18:53:04:352
7.0791;4.8249;5.2786;4.7675;5.4789;6.5896;-1.6543;0.2586;-0.2497;0.2073;-0.8288;0.6185;0.0;-32.08;-27.36;-18.73;105.61;-33.5;-20.38;5.0;54.494;47.668644;9.169608;449.94;NaN;14.72;3.790092;20.9;16 / 21;136008;2022-01-19 18:53:04:851
0.9134;4.3215;6.505;4.52;4.7724;7.2777;-0.1555;0.7516;-1.3691;-0.257;0.7433;1.1896;0.0;-37.52;-7.93;-24.09;57.1;-29.12;-31.84;5.0;34.691;47.668644;9.169608;449.94;NaN;14.72;3.790092;20.9;16 / 21;136507;2022-01-19 18:53:05:350
2.6282;1.4281;11.5885;0.0293;0.6372;9.7859;0.4605;0.5568;-1.2835;-0.0479;0.173;0.5884;0.0;-18.9;11.44;-37.14;51.5;-5.07;-1.63;5.0;31.412;47.668644;9.169608;449.94;NaN;14.72;3.790092;20.9;16 / 21;137009;2022-01-19 18:53:05:852
2.1255;1.3515;9.7055;1.9135;1.8109;9.4461;0.2538;-0.1899;0.3619;0.2434;-0.3519;0.0816;0.0;-20.62;10.5;-37.86;44.26;-8.75;-6.53;5.0;38.41;47.668644;9.169608;449.94;NaN;14.72;3.790092;20.9;16 / 21;137508;2022-01-19 18:53:06:351
0.7739;2.0075;10.5752;1.3103;1.7717;9.5559;-0.0292;0.0605;-0.077;-0.057;0.5141;0.1099;5.7;-21.43;8.61;-37.37;39.46;-11.54;-10.53;5.0;31.794;47.668644;9.169608;449.94;NaN;14.72;3.790092;20.9;16 / 21;138007;2022-01-19 18:53:06:850
0.2089;1.33;9.8252;-0.2719;1.56;9.678;0.161;0.3765;0.0568;-0.4891;-0.0953;0.0057;19.44;-12.02;10.2;-42.09;36.27;-11.46;1.72;5.0;34.581;47.668644;9.169608;449.94;NaN;14.72;3.790092;20.9;16 / 21;138508;2022-01-19 18:53:07:351
-0.1335;0.978;9.9138;-0.2284;0.9262;9.7601;0.2896;0.0742;0.0345;0.0474;-0.0064;-0.0196;23.0712;-13.35;12.43;-40.05;42.63;-5.16;1.84;5.0;29.611;47.668644;9.169608;449.94;NaN;14.72;3.790092;20.9;16 / 21;139007;2022-01-19 18:53:07:850
-2.3373;3.9337;9.9545;-0.5678;1.7092;9.6398;0.4746;-0.5447;0.3829;2.0515;0.9371;0.1162;17.1663;-10.07;7.91;-42.62;39.35;-10.04;3.37;5.0;34.286;47.668644;9.169608;449.94;NaN;14.72;3.790092;20.9;0 / 0;139507;2022-01-19 18:53:08:350
-2.232;6.0274;8.0194;-2.2188;5.9175;7.4987;0.2845;-0.0648;-0.2258;0.2816;0.47;0.1531;9.1225;-3.43;-7.65;-43.67;40.16;-33.3;14.29;5.0;37.429;47.668644;9.169608;449.94;NaN;14.72;3.790092;20.9;0 / 0;140008;2022-01-19 18:53:08:851